GConf2	0	3.2.6	22.el8	x86_64
Judy	0	1.0.5	18.module+el8+2765+cfa4f87b	x86_64
Lmod	1	8.5	100088_cm9.2_161d79f361	x86_64
NetworkManager	1	1.40.16	19.el8_10	x86_64
NetworkManager-initscripts-updown	1	1.40.16	19.el8_10	noarch
NetworkManager-libnm	1	1.40.16	19.el8_10	x86_64
NetworkManager-team	1	1.40.16	19.el8_10	x86_64
NetworkManager-tui	1	1.40.16	19.el8_10	x86_64
OpenIPMI	0	2.0.31	3.el8	x86_64
OpenIPMI-libs	0	2.0.31	3.el8	x86_64
abattis-cantarell-fonts	0	0.0.25	6.el8	noarch
acl	0	2.2.53	3.el8	x86_64
adcli	0	0.9.2	1.el8	x86_64
adobe-mappings-cmap	0	20171205	3.el8	noarch
adobe-mappings-cmap-deprecated	0	20171205	3.el8	noarch
adobe-mappings-pdf	0	20180407	1.el8	noarch
adwaita-cursor-theme	0	3.28.0	3.el8	noarch
adwaita-icon-theme	0	3.28.0	3.el8	noarch
alsa-lib	0	1.2.10	2.el8	x86_64
annobin	0	11.13	2.el8	x86_64
apptainer	0	1.4.2	1.el8	x86_64
apptainer-suid	0	1.4.2	1.el8	x86_64
apr	0	1.6.3	12.el8	x86_64
apr-util	0	1.6.1	9.el8	x86_64
apr-util-bdb	0	1.6.1	9.el8	x86_64
apr-util-openssl	0	1.6.1	9.el8	x86_64
artwiz-aleczapka-anorexia-fonts	0	1.3	25.el8	noarch
artwiz-aleczapka-aqui-fonts	0	1.3	25.el8	noarch
artwiz-aleczapka-cure-fonts	0	1.3	25.el8	noarch
artwiz-aleczapka-drift-fonts	0	1.3	25.el8	noarch
artwiz-aleczapka-edges-fonts	0	1.3	25.el8	noarch
artwiz-aleczapka-fkp-fonts	0	1.3	25.el8	noarch
artwiz-aleczapka-fonts	0	1.3	25.el8	noarch
artwiz-aleczapka-fonts-common	0	1.3	25.el8	noarch
artwiz-aleczapka-gelly-fonts	0	1.3	25.el8	noarch
artwiz-aleczapka-glisp-fonts	0	1.3	25.el8	noarch
artwiz-aleczapka-kates-fonts	0	1.3	25.el8	noarch
artwiz-aleczapka-lime-fonts	0	1.3	25.el8	noarch
artwiz-aleczapka-mints-mild-fonts	0	1.3	25.el8	noarch
artwiz-aleczapka-mints-strong-fonts	0	1.3	25.el8	noarch
artwiz-aleczapka-nu-fonts	0	1.3	25.el8	noarch
artwiz-aleczapka-smoothansi-fonts	0	1.3	25.el8	noarch
artwiz-aleczapka-snap-fonts	0	1.3	25.el8	noarch
asciidoc	0	8.6.10	0.5.20180627gitf7c2274.el8	noarch
at	0	3.1.20	12.el8	x86_64
at-spi2-atk	0	2.26.2	1.el8	x86_64
at-spi2-core	0	2.28.0	1.el8	x86_64
atftp-server	0	0.7.5	615_cm9.2	x86_64
atk	0	2.28.1	1.el8	x86_64
atlas	0	3.10.3	8.el8	x86_64
attr	0	2.4.48	3.el8	x86_64
audit	0	3.1.2	1.el8_10.1	x86_64
audit-libs	0	3.1.2	1.el8_10.1	i686
audit-libs	0	3.1.2	1.el8_10.1	x86_64
augeas-libs	0	1.12.0	8.el8	x86_64
authselect	0	1.2.6	2.el8	x86_64
authselect-libs	0	1.2.6	2.el8	x86_64
autoconf	0	2.69	29.el8_10.1	noarch
autofs	1	5.1.4	114.el8_10.4	x86_64
autogen-libopts	0	5.18.12	8.el8	x86_64
automake	0	1.16.1	8.el8	noarch
avahi-glib	0	0.7	27.el8_10.1	x86_64
avahi-libs	0	0.7	27.el8_10.1	x86_64
basesystem	0	11	5.el8	noarch
bash	0	4.4.20	5.el8	x86_64
bash-completion	1	2.7	5.el8	noarch
bc	0	1.07.1	5.el8	x86_64
bind	32	9.11.36	16.el8_10.4	x86_64
bind-export-libs	32	9.11.36	16.el8_10.4	x86_64
bind-libs	32	9.11.36	16.el8_10.4	x86_64
bind-libs-lite	32	9.11.36	16.el8_10.4	x86_64
bind-license	32	9.11.36	16.el8_10.4	noarch
bind-utils	32	9.11.36	16.el8_10.4	x86_64
binutils	0	2.30	125.el8_10	x86_64
biosdevname	0	0.7.3	2.el8	x86_64
bison	0	3.0.4	10.el8	x86_64
boost	0	1.66.0	13.el8	x86_64
boost-atomic	0	1.66.0	13.el8	x86_64
boost-chrono	0	1.66.0	13.el8	x86_64
boost-container	0	1.66.0	13.el8	x86_64
boost-context	0	1.66.0	13.el8	x86_64
boost-coroutine	0	1.66.0	13.el8	x86_64
boost-date-time	0	1.66.0	13.el8	x86_64
boost-devel	0	1.66.0	13.el8	x86_64
boost-fiber	0	1.66.0	13.el8	x86_64
boost-filesystem	0	1.66.0	13.el8	x86_64
boost-graph	0	1.66.0	13.el8	x86_64
boost-iostreams	0	1.66.0	13.el8	x86_64
boost-locale	0	1.66.0	13.el8	x86_64
boost-log	0	1.66.0	13.el8	x86_64
boost-math	0	1.66.0	13.el8	x86_64
boost-program-options	0	1.66.0	13.el8	x86_64
boost-python3	0	1.66.0	6.el8	x86_64
boost-random	0	1.66.0	13.el8	x86_64
boost-regex	0	1.66.0	13.el8	x86_64
boost-serialization	0	1.66.0	13.el8	x86_64
boost-signals	0	1.66.0	13.el8	x86_64
boost-stacktrace	0	1.66.0	13.el8	x86_64
boost-system	0	1.66.0	13.el8	x86_64
boost-test	0	1.66.0	13.el8	x86_64
boost-thread	0	1.66.0	13.el8	x86_64
boost-timer	0	1.66.0	13.el8	x86_64
boost-type_erasure	0	1.66.0	13.el8	x86_64
boost-wave	0	1.66.0	13.el8	x86_64
brotli	0	1.0.6	3.el8	x86_64
bubblewrap	0	0.4.0	2.el8_10	x86_64
byacc	0	1.9.20170709	4.el8	x86_64
bzip2	0	1.0.6	28.el8_10	x86_64
bzip2-devel	0	1.0.6	28.el8_10	x86_64
bzip2-libs	0	1.0.6	28.el8_10	i686
bzip2-libs	0	1.0.6	28.el8_10	x86_64
c-ares	0	1.13.0	11.el8_10	x86_64
ca-certificates	0	2024.2.69_v8.0.303	80.0.el8_10	noarch
cairo	0	1.15.12	6.el8	x86_64
cairo-gobject	0	1.15.12	6.el8	x86_64
checkpolicy	0	2.9	1.el8	x86_64
chkconfig	0	1.19.2	1.el8	x86_64
chrony	0	4.5	2.el8_10	x86_64
cluster-tools-dell	0	9.2	118636_cm9.2_1bddd28500	noarch
cluster-tools-slave	0	9.2	107_cm9.2	noarch
cm-bios-tools	0	9.2	100143_cm9.2_5be80a6d13	noarch
cm-boost	0	1.77.0	226_cm9.2	x86_64
cm-busybox	0	1.34.1	106_cm9.2	x86_64
cm-config-ceph-release-octopus	0	9.2	82_cm9.2	noarch
cm-config-cm	0	9.2	72_cm9.2	noarch
cm-config-dhclient	0	9.2	58_cm9.2	noarch
cm-config-dracut-slave	0	1.0	18_cm9.2	noarch
cm-config-grub	0	1.0	102_cm9.2	noarch
cm-config-ldap-client	0	9.2	149_cm9.2	noarch
cm-config-limits	0	0.2	66_cm9.2	noarch
cm-config-man	0	9.2	93_cm9.2	noarch
cm-config-named	0	9.2	62_cm9.2	noarch
cm-config-nfsclient	0	9.2	85_cm9.2	noarch
cm-config-os-arch	0	9.2	100006_cm9.2_808abea8dc	x86_64
cm-config-rootfiles-slave	0	9.2	159_cm9.2	noarch
cm-config-selinux	1	9.2	100026_cm9.2_1da8c0069c	noarch
cm-config-ssh-slave	0	9.2	76_cm9.2	noarch
cm-config-sysctl-slave	0	9.2	101_cm9.2	noarch
cm-config-syslog-slave	0	9.2	141_cm9.2	noarch
cm-config-systemd	0	1.0	100_cm9.2	noarch
cm-config-xntp-slave	0	9.2	64_cm9.2	noarch
cm-config-yum	0	9.2	233_cm9.2	noarch
cm-config-yum-ml	0	9.2	233_cm9.2	noarch
cm-curl	2	7.80.0	100166_cm9.2_891e9e54a2	x86_64
cm-dhcp	12	3.0.5	18.el8_123_cm9.2	x86_64
cm-freeipmi	0	1.6.8	92_cm9.2	x86_64
cm-ipmitool	0	1.8.18	85_cm9.2	x86_64
cm-ipxe-slave	0	9.2	100063_cm9.2_ac7585dea0	x86_64
cm-libpam	0	9.2	4122_cm9.2	x86_64
cm-libprometheus	0	2.47.2	100125_cm9.2_8ef232e8ab	x86_64
cm-lsf-client	0	9.2	100032_cm9.2_d4b8e367c9	noarch
cm-lshw	2	02.19.2	56_cm9.2	x86_64
cm-lua	0	5.4.6	48_cm9.2	x86_64
cm-luajit	0	2.0.5	100015_cm9.2_f789e363d5	x86_64
cm-mariadb-libs	0	10.6.4	100129_cm9.2_a698f8964e	x86_64
cm-modules-init-client	0	9.2	76_cm9.2	noarch
cm-openssl	0	3.0.16	100174_cm9.2_dcb1725f34	x86_64
cm-openvpn	0	2.5.4	100139_cm9.2_54dcafbbcf	x86_64
cm-python3	0	9.2	100088_cm9.2_64399c3e7b	x86_64
cm-python39	0	3.9.23	100140_cm9.2_12610e6261	x86_64
cm-slave	0	9.2	46_cm9.2	noarch
cm-uge-client	0	9.2	100045_cm9.2_3b233f6948	noarch
cmake-filesystem	0	3.26.5	2.el8	x86_64
cmburn-slave	0	9.2	63_cm9.2	noarch
cmdaemon	0	9.2	153061_cm9.2_bb9562aeb2	x86_64
cmdaemon-cmjob	0	9.2	153061_cm9.2_bb9562aeb2	noarch
cmdaemon-pythoncm	0	9.2	153061_cm9.2_bb9562aeb2	noarch
cmdaemon-remotecm	0	9.2	153061_cm9.2_bb9562aeb2	x86_64
colord-libs	0	1.4.2	1.el8	x86_64
confuse	0	3.3	91_cm9.2	x86_64
conmon	3	2.1.10	1.module+el8.10.0+23320+f7205097	x86_64
container-selinux	2	2.229.0	2.module+el8.10.0+23320+f7205097	noarch
containernetworking-plugins	1	1.4.0	6.module+el8.10.0+23320+f7205097	x86_64
containers-common	2	1	82.module+el8.10.0+23320+f7205097	x86_64
copy-jdk-configs	0	4.0	2.el8	noarch
coreutils	0	8.30	15.el8	x86_64
coreutils-common	0	8.30	15.el8	x86_64
cpio	0	2.12	11.el8	x86_64
cpp	0	8.5.0	26.el8_10	x86_64
cracklib	0	2.9.6	15.el8	i686
cracklib	0	2.9.6	15.el8	x86_64
cracklib-dicts	0	2.9.6	15.el8	x86_64
criu	0	3.18	5.module+el8.10.0+23320+f7205097	x86_64
cronie	0	1.5.2	10.el8	x86_64
cronie-anacron	0	1.5.2	10.el8	x86_64
crontabs	0	1.11	17.20190603git.el8	noarch
crypto-policies	0	20230731	1.git3177e06.el8	noarch
crypto-policies-scripts	0	20230731	1.git3177e06.el8	noarch
cryptsetup-libs	0	2.3.7	7.el8	x86_64
ctags	0	5.8	23.el8	x86_64
cuda-dcgm-libs	1	3.1.8.1	100100_cm9.2_5eefb6c8c4	x86_64
cuda-driver	0	580.105.08	100245_cm9.2_867facfab4	x86_64
cups	1	2.2.6	62.el8_10	x86_64
cups-client	1	2.2.6	62.el8_10	x86_64
cups-filesystem	1	2.2.6	62.el8_10	noarch
cups-filters	0	1.20.0	36.el8_10	x86_64
cups-filters-libs	0	1.20.0	36.el8_10	x86_64
cups-ipptool	1	2.2.6	62.el8_10	x86_64
cups-libs	1	2.2.6	62.el8_10	x86_64
curl	0	7.61.1	34.el8_10.3	x86_64
cyrus-sasl-gssapi	0	2.1.27	6.el8_5	x86_64
cyrus-sasl-lib	0	2.1.27	6.el8_5	x86_64
dbus	1	1.12.8	26.el8	x86_64
dbus-common	1	1.12.8	26.el8	noarch
dbus-daemon	1	1.12.8	26.el8	x86_64
dbus-glib	0	0.110	2.el8	x86_64
dbus-libs	1	1.12.8	26.el8	x86_64
dbus-tools	1	1.12.8	26.el8	x86_64
dcism	0	4.1.0.0	2410.el8	x86_64
dcism-osc	0	6.1.0.0	100	x86_64
dconf	0	0.28.0	4.el8	x86_64
dejavu-fonts-common	0	2.35	7.el8	noarch
dejavu-sans-fonts	0	2.35	7.el8	noarch
dejavu-sans-mono-fonts	0	2.35	7.el8	noarch
device-mapper	8	1.02.181	15.el8_10.2	x86_64
device-mapper-event	8	1.02.181	15.el8_10.2	x86_64
device-mapper-event-libs	8	1.02.181	15.el8_10.2	x86_64
device-mapper-libs	8	1.02.181	15.el8_10.2	x86_64
device-mapper-persistent-data	0	0.9.0	7.el8	x86_64
dhcp-client	12	4.3.6	50.el8_10	x86_64
dhcp-common	12	4.3.6	50.el8_10	noarch
dhcp-libs	12	4.3.6	50.el8_10	x86_64
dialog	0	1.3	13.20171209.el8	x86_64
diffstat	0	1.61	7.el8	x86_64
diffutils	0	3.6	6.el8	x86_64
dmidecode	1	3.5	1.el8	x86_64
dnf	0	4.7.0	21.el8_10	noarch
dnf-data	0	4.7.0	21.el8_10	noarch
dnf-plugin-subscription-manager	0	1.28.44	1.el8_10	x86_64
dnf-plugins-core	0	4.0.21	25.el8	noarch
dnsmasq	0	2.79	33.el8_10	x86_64
docbook-dtds	0	1.0	69.el8	noarch
docbook-style-xsl	0	1.79.2	9.el8	noarch
dosfstools	0	4.1	6.el8	x86_64
dracut	0	049	237.git20250603.el8_10	x86_64
dracut-config-rescue	0	049	237.git20250603.el8_10	x86_64
dracut-network	0	049	237.git20250603.el8_10	x86_64
dracut-squash	0	049	237.git20250603.el8_10	x86_64
dwz	0	0.12	10.el8	x86_64
dyninst	0	12.1.0	1.el8	x86_64
e2fsprogs	0	1.45.6	6.el8_10	x86_64
e2fsprogs-libs	0	1.45.6	6.el8_10	x86_64
ed	0	1.14.2	4.el8	x86_64
efi-filesystem	0	3	3.el8	noarch
efi-srpm-macros	0	3	3.el8	noarch
efibootmgr	0	16	1.el8	x86_64
efivar	0	37	4.el8	x86_64
efivar-libs	0	37	4.el8	x86_64
elfutils	0	0.190	2.el8	x86_64
elfutils-debuginfod-client	0	0.190	2.el8	x86_64
elfutils-debuginfod-client-devel	0	0.190	2.el8	x86_64
elfutils-default-yama-scope	0	0.190	2.el8	noarch
elfutils-devel	0	0.190	2.el8	x86_64
elfutils-libelf	0	0.190	2.el8	i686
elfutils-libelf	0	0.190	2.el8	x86_64
elfutils-libelf-devel	0	0.190	2.el8	x86_64
elfutils-libs	0	0.190	2.el8	x86_64
emacs-common	1	26.1	15.el8_10	x86_64
emacs-filesystem	1	26.1	15.el8_10	noarch
emacs-nox	1	26.1	15.el8_10	x86_64
env-modules	0	4.5.3	164_cm9.2	x86_64
epel-release	0	8	22.el8	noarch
ethtool	2	5.13	2.el8	x86_64
expat	0	2.2.5	17.el8_10	i686
expat	0	2.2.5	17.el8_10	x86_64
expect	0	5.45.4	5.el8	x86_64
fakeroot	0	1.33	1.el8	x86_64
fakeroot-libs	0	1.33	1.el8	x86_64
falcon-sensor	0	7.24.0	17706.el8	x86_64
file	0	5.33	26.el8	x86_64
file-libs	0	5.33	26.el8	x86_64
filesystem	0	3.8	6.el8	x86_64
findutils	1	4.6.0	23.el8_10	x86_64
firewalld	0	0.9.11	10.el8_10	noarch
firewalld-filesystem	0	0.9.11	10.el8_10	noarch
flac-libs	0	1.3.2	9.el8_8.1	x86_64
flex	0	2.6.1	9.el8	x86_64
fluxbox	0	1.3.7	11.el8	x86_64
fontconfig	0	2.13.1	4.el8	x86_64
fontpackages-filesystem	0	1.44	22.el8	noarch
freeglut	0	3.0.0	9.el8	x86_64
freeglut-devel	0	3.0.0	9.el8	x86_64
freetype	0	2.9.1	10.el8_10	x86_64
fribidi	0	1.0.4	9.el8	x86_64
fstrm	0	0.6.1	3.el8	x86_64
fuse	0	2.9.7	19.el8	x86_64
fuse-common	0	3.3.0	19.el8	x86_64
fuse-libs	0	2.9.7	19.el8	x86_64
fuse-overlayfs	0	1.13	1.module+el8.10.0+23320+f7205097	x86_64
fuse3	0	3.3.0	19.el8	x86_64
fuse3-libs	0	3.3.0	19.el8	x86_64
fwupd	0	1.7.8	2.el8	x86_64
ganglia	0	3.7.2	58.el8	x86_64
ganglia-gmond	0	3.7.2	58.el8	x86_64
gawk	0	4.2.1	4.el8	x86_64
gc	0	7.6.4	3.el8	x86_64
gcc	0	8.5.0	26.el8_10	x86_64
gcc-c++	0	8.5.0	26.el8_10	x86_64
gcc-gdb-plugin	0	8.5.0	26.el8_10	x86_64
gcc-gfortran	0	8.5.0	26.el8_10	x86_64
gcc-plugin-annobin	0	8.5.0	26.el8_10	x86_64
gcc-recent	0	11.2.0	100123_cm9.2_aa3da67bb6	x86_64
gd	0	2.2.5	7.el8	x86_64
gdb	0	8.2	20.el8	x86_64
gdb-headless	0	8.2	20.el8	x86_64
gdbm	1	1.18	2.el8	i686
gdbm	1	1.18	2.el8	x86_64
gdbm-devel	1	1.18	2.el8	x86_64
gdbm-libs	1	1.18	2.el8	i686
gdbm-libs	1	1.18	2.el8	x86_64
gdisk	0	1.0.3	11.el8	x86_64
gdk-pixbuf2	0	2.36.12	7.el8_10	x86_64
gdk-pixbuf2-modules	0	2.36.12	7.el8_10	x86_64
geolite2-city	0	20180605	1.el8	noarch
geolite2-country	0	20180605	1.el8	noarch
gettext	0	0.19.8.1	17.el8	x86_64
gettext-common-devel	0	0.19.8.1	17.el8	noarch
gettext-devel	0	0.19.8.1	17.el8	x86_64
gettext-libs	0	0.19.8.1	17.el8	x86_64
ghc-srpm-macros	0	1.4.2	7.el8	noarch
ghostscript	0	9.27	17.el8_10	x86_64
ghostscript-tools-fonts	0	9.27	17.el8_10	x86_64
ghostscript-tools-printing	0	9.27	17.el8_10	x86_64
giflib	0	5.1.4	3.el8	x86_64
git	0	2.43.7	1.el8_10	x86_64
git-core	0	2.43.7	1.el8_10	x86_64
git-core-doc	0	2.43.7	1.el8_10	noarch
gl-manpages	0	1.1	15.20161227.el8	noarch
glib-networking	0	2.56.1	1.1.el8	x86_64
glib2	0	2.56.4	166.el8_10	x86_64
glibc	0	2.28	251.el8_10.25	i686
glibc	0	2.28	251.el8_10.25	x86_64
glibc-common	0	2.28	251.el8_10.25	x86_64
glibc-devel	0	2.28	251.el8_10.25	i686
glibc-devel	0	2.28	251.el8_10.25	x86_64
glibc-gconv-extra	0	2.28	251.el8_10.25	i686
glibc-gconv-extra	0	2.28	251.el8_10.25	x86_64
glibc-headers	0	2.28	251.el8_10.25	i686
glibc-headers	0	2.28	251.el8_10.25	x86_64
glibc-langpack-en	0	2.28	251.el8_10.25	x86_64
glibc-static	0	2.28	251.el8_10.25	x86_64
gmp	1	6.1.2	11.el8	x86_64
gnupg2	0	2.2.20	3.el8_6	x86_64
gnupg2-smime	0	2.2.20	3.el8_6	x86_64
gnutls	0	3.6.16	8.el8_10.3	x86_64
go-srpm-macros	0	2	17.el8	noarch
gobject-introspection	0	1.56.1	1.el8	x86_64
golang-go-latest	0	1.25.3	100067_cm9.2_32250c056b	x86_64
google-droid-sans-fonts	0	20120715	13.el8	noarch
gpg-pubkey	0	2f86d6a1	5cf7cefb	(none)
gpg-pubkey	0	6d745a60	60287f36	(none)
gpg-pubkey	0	c2d489fd	63383cd5	(none)
gpg-pubkey	0	d4082792	5b32db75	(none)
gpg-pubkey	0	fa4de6d0	4aad61e8	(none)
gpg-pubkey	0	fd431d51	4ae0493b	(none)
gpgme	0	1.13.1	12.el8	x86_64
gpm-libs	0	1.20.7	17.el8	x86_64
graphite2	0	1.3.10	10.el8	x86_64
graphviz	0	2.40.1	45.el8	x86_64
grep	0	3.1	6.el8	x86_64
groff-base	0	1.22.3	18.el8	x86_64
grub2-common	1	2.02	167.el8_10	noarch
grub2-efi-x64	1	2.02	167.el8_10	x86_64
grub2-efi-x64-modules	1	2.02	167.el8_10	noarch
grub2-pc	1	2.02	167.el8_10	x86_64
grub2-pc-modules	1	2.02	167.el8_10	noarch
grub2-tools	1	2.02	167.el8_10	x86_64
grub2-tools-efi	1	2.02	167.el8_10	x86_64
grub2-tools-extra	1	2.02	167.el8_10	x86_64
grub2-tools-minimal	1	2.02	167.el8_10	x86_64
grubby	0	8.40	49.el8	x86_64
gsettings-desktop-schemas	0	3.32.0	6.el8	x86_64
gsm	0	1.0.17	5.el8	x86_64
gssproxy	0	0.8.0	21.el8	x86_64
gtk-update-icon-cache	0	3.22.30	12.el8_10	x86_64
gtk2	0	2.24.32	5.el8	x86_64
gtk3	0	3.22.30	12.el8_10	x86_64
guile	5	2.0.14	7.el8	x86_64
gzip	0	1.9	13.el8_5	x86_64
hardlink	1	1.3	6.el8	x86_64
harfbuzz	0	1.7.5	4.el8	x86_64
hawtjni-runtime	0	1.16	2.module+el8+2452+b359bfcd	noarch
hdparm	0	9.54	4.el8	x86_64
hicolor-icon-theme	0	0.17	2.el8	noarch
hostname	0	3.20	6.el8	x86_64
http-parser	0	2.8.0	9.el8	x86_64
httpd	0	2.4.37	65.module+el8.10.0+23042+b3baf0f4.4	x86_64
httpd-filesystem	0	2.4.37	65.module+el8.10.0+23042+b3baf0f4.4	noarch
httpd-tools	0	2.4.37	65.module+el8.10.0+23042+b3baf0f4.4	x86_64
hwdata	0	0.314	8.22.el8	noarch
ibacm	0	48.0	1.el8	x86_64
ima-evm-utils	0	1.3.2	12.el8	x86_64
imlib2	0	1.4.9	8.el8	x86_64
infiniband-diags	0	48.0	1.el8	x86_64
info	0	6.5	7.el8	x86_64
initscripts	0	10.00.18	1.el8	x86_64
inotify-tools	0	3.14	19.el8	x86_64
intel-cluster-runtime-2018	0	2018.4	156_cm9.1	x86_64
intltool	0	0.51.0	11.el8	noarch
ipcalc	0	0.2.4	4.el8	x86_64
iproute	0	6.2.0	6.el8_10	x86_64
iprutils	0	2.4.19	1.el8	x86_64
ipset	0	7.1	1.el8	x86_64
ipset-libs	0	7.1	1.el8	x86_64
iptables	0	1.8.5	11.el8_9	x86_64
iptables-ebtables	0	1.8.5	11.el8_9	x86_64
iptables-libs	0	1.8.5	11.el8_9	x86_64
iputils	0	20180629	11.el8	x86_64
irqbalance	2	1.9.2	1.el8	x86_64
isl	0	0.16.1	6.el8	x86_64
jansi	0	1.17.1	1.module+el8+2477+516cbbff	noarch
jansi-native	0	1.7	7.module+el8+2452+b359bfcd	x86_64
jansson	0	2.14	1.el8	x86_64
jasper-libs	0	2.0.14	6.el8_10	x86_64
java-1.8.0-openjdk	1	1.8.0.462.b08	2.el8	x86_64
java-1.8.0-openjdk-headless	1	1.8.0.462.b08	2.el8	x86_64
javapackages-filesystem	0	5.3.0	1.module+el8+2447+6f56d9a6	noarch
javapackages-tools	0	5.3.0	1.module+el8+2447+6f56d9a6	noarch
jbig2dec-libs	0	0.16	1.el8	x86_64
jbigkit-libs	0	2.1	14.el8	x86_64
jline	0	2.14.6	2.module+el8+2477+516cbbff	noarch
jna	0	4.5.1	5.el8	x86_64
jq	0	1.6	11.el8_10	x86_64
json-c	0	0.13.1	3.el8	x86_64
json-glib	0	1.4.4	1.el8	x86_64
kbd	0	2.0.4	11.el8	x86_64
kbd-legacy	0	2.0.4	11.el8	noarch
kbd-misc	0	2.0.4	11.el8	noarch
kernel	0	4.18.0	240.el8	x86_64
kernel	0	4.18.0	553.70.1.el8_10	x86_64
kernel-core	0	4.18.0	240.el8	x86_64
kernel-core	0	4.18.0	553.70.1.el8_10	x86_64
kernel-devel	0	4.18.0	240.el8	x86_64
kernel-devel	0	4.18.0	553.70.1.el8_10	x86_64
kernel-headers	0	4.18.0	553.70.1.el8_10	x86_64
kernel-modules	0	4.18.0	240.el8	x86_64
kernel-modules	0	4.18.0	553.70.1.el8_10	x86_64
kernel-modules-extra	0	4.18.0	240.el8	x86_64
kernel-modules-extra	0	4.18.0	553.70.1.el8_10	x86_64
kernel-tools	0	4.18.0	553.70.1.el8_10	x86_64
kernel-tools-libs	0	4.18.0	553.70.1.el8_10	x86_64
kexec-tools	0	2.0.26	14.el8_10.2	x86_64
keyutils	0	1.5.10	9.el8	x86_64
keyutils-libs	0	1.5.10	9.el8	i686
keyutils-libs	0	1.5.10	9.el8	x86_64
keyutils-libs-devel	0	1.5.10	9.el8	x86_64
kmod	0	25	20.el8	x86_64
kmod-i40e	0	2.13.10.11	201130	x86_64
kmod-ice	0	1.3.2	210111	x86_64
kmod-igb	0	5.4.6	201130	x86_64
kmod-ixgbe	0	5.9.4	201130	x86_64
kmod-libs	0	25	20.el8	x86_64
kmod-tg3	0	3.139b	1.rhel8u3	x86_64
kpartx	0	0.8.4	42.el8_10	x86_64
krb5-devel	0	1.18.2	32.el8_10	x86_64
krb5-libs	0	1.18.2	32.el8_10	i686
krb5-libs	0	1.18.2	32.el8_10	x86_64
ksh	0	20120801	267.el8	x86_64
langpacks-en	0	1.0	12.el8	noarch
lbnl-nhc	0	1.4.3	1.el8	noarch
lcms2	0	2.9	2.el8	x86_64
less	0	530	3.el8_10	x86_64
libICE	0	1.0.9	15.el8	x86_64
libICE-devel	0	1.0.9	15.el8	x86_64
libSM	0	1.2.3	1.el8	x86_64
libSM-devel	0	1.2.3	1.el8	x86_64
libX11	0	1.6.8	9.el8_10	i686
libX11	0	1.6.8	9.el8_10	x86_64
libX11-common	0	1.6.8	9.el8_10	noarch
libX11-devel	0	1.6.8	9.el8_10	x86_64
libX11-xcb	0	1.6.8	9.el8_10	i686
libX11-xcb	0	1.6.8	9.el8_10	x86_64
libXScrnSaver	0	1.2.3	1.el8	x86_64
libXau	0	1.0.9	3.el8	i686
libXau	0	1.0.9	3.el8	x86_64
libXau-devel	0	1.0.9	3.el8	x86_64
libXaw	0	1.0.13	10.el8	x86_64
libXcomposite	0	0.4.4	14.el8	x86_64
libXcursor	0	1.1.15	3.el8	x86_64
libXdamage	0	1.1.4	14.el8	x86_64
libXdamage-devel	0	1.1.4	14.el8	x86_64
libXdmcp	0	1.1.3	1.el8	x86_64
libXext	0	1.3.4	1.el8	i686
libXext	0	1.3.4	1.el8	x86_64
libXext-devel	0	1.3.4	1.el8	x86_64
libXfixes	0	5.0.3	7.el8	x86_64
libXfixes-devel	0	5.0.3	7.el8	x86_64
libXfont2	0	2.0.3	2.el8	x86_64
libXft	0	2.3.3	1.el8	x86_64
libXi	0	1.7.10	1.el8	x86_64
libXi-devel	0	1.7.10	1.el8	x86_64
libXinerama	0	1.1.4	1.el8	x86_64
libXmu	0	1.1.3	1.el8	x86_64
libXmu-devel	0	1.1.3	1.el8	x86_64
libXp	0	1.0.3	3.el8	x86_64
libXpm	0	3.5.12	11.el8	x86_64
libXrandr	0	1.5.2	1.el8	x86_64
libXrender	0	0.9.10	7.el8	x86_64
libXres	0	1.2.0	4.el8	x86_64
libXt	0	1.1.5	12.el8	x86_64
libXt-devel	0	1.1.5	12.el8	x86_64
libXtst	0	1.2.3	7.el8	x86_64
libXv	0	1.0.11	7.el8	x86_64
libXvMC	0	1.0.12	1.el8	x86_64
libXxf86dga	0	1.1.5	1.el8	x86_64
libXxf86misc	0	1.0.4	1.el8	x86_64
libXxf86vm	0	1.1.4	9.el8	x86_64
libXxf86vm-devel	0	1.1.4	9.el8	x86_64
libacl	0	2.2.53	3.el8	i686
libacl	0	2.2.53	3.el8	x86_64
libaio	0	0.3.112	1.el8	x86_64
libarchive	0	3.3.3	5.el8	x86_64
libasan	0	8.5.0	26.el8_10	x86_64
libassuan	0	2.5.1	3.el8	x86_64
libasyncns	0	0.8	14.el8	x86_64
libatasmart	0	0.19	14.el8	x86_64
libatomic	0	8.5.0	26.el8_10	x86_64
libatomic_ops	0	7.6.2	3.el8	x86_64
libattr	0	2.4.48	3.el8	i686
libattr	0	2.4.48	3.el8	x86_64
libbabeltrace	0	1.5.4	4.el8	x86_64
libbasicobjects	0	0.1.1	40.el8	x86_64
libblkid	0	2.32.1	46.el8	x86_64
libblockdev	0	2.28	7.el8_10	x86_64
libblockdev-crypto	0	2.28	7.el8_10	x86_64
libblockdev-fs	0	2.28	7.el8_10	x86_64
libblockdev-loop	0	2.28	7.el8_10	x86_64
libblockdev-mdraid	0	2.28	7.el8_10	x86_64
libblockdev-part	0	2.28	7.el8_10	x86_64
libblockdev-swap	0	2.28	7.el8_10	x86_64
libblockdev-utils	0	2.28	7.el8_10	x86_64
libbpf	0	0.5.0	1.el8	x86_64
libbsd	0	0.12.2	1.el8	x86_64
libbytesize	0	1.4	3.el8	x86_64
libcap	0	2.48	6.el8_9	x86_64
libcap-ng	0	0.7.11	1.el8	i686
libcap-ng	0	0.7.11	1.el8	x86_64
libcgroup	0	0.41	19.el8	x86_64
libcgroup-tools	0	0.41	19.el8	x86_64
libcollection	0	0.7.0	40.el8	x86_64
libcom_err	0	1.45.6	6.el8_10	i686
libcom_err	0	1.45.6	6.el8_10	x86_64
libcom_err-devel	0	1.45.6	6.el8_10	x86_64
libcomps	0	0.1.18	1.el8	x86_64
libcroco	0	0.6.12	4.el8_2.1	x86_64
libcurl	0	7.61.1	34.el8_10.3	x86_64
libdaemon	0	0.14	15.el8	x86_64
libdatrie	0	0.2.9	7.el8	x86_64
libdb	0	5.3.28	42.el8_4	i686
libdb	0	5.3.28	42.el8_4	x86_64
libdb-devel	0	5.3.28	42.el8_4	x86_64
libdb-utils	0	5.3.28	42.el8_4	x86_64
libdhash	0	0.5.0	40.el8	x86_64
libdnet	0	1.12	26.el8	x86_64
libdnf	0	0.63.0	21.el8_10	x86_64
libdrm	0	2.4.115	2.el8	i686
libdrm	0	2.4.115	2.el8	x86_64
libdrm-devel	0	2.4.115	2.el8	x86_64
libedit	0	3.1	23.20170329cvs.el8	x86_64
libepoxy	0	1.5.8	1.el8	x86_64
liberation-fonts-common	1	2.00.3	7.el8	noarch
liberation-mono-fonts	1	2.00.3	7.el8	noarch
libestr	0	0.1.10	3.el8	x86_64
libevdev	0	1.10.0	1.el8	x86_64
libevent	0	2.1.8	5.el8	x86_64
libfastjson	0	0.99.9	2.el8	x86_64
libfdisk	0	2.32.1	46.el8	x86_64
libffi	0	3.1	24.el8	i686
libffi	0	3.1	24.el8	x86_64
libffi-devel	0	3.1	24.el8	x86_64
libfontenc	0	1.1.3	8.el8	x86_64
libgcab1	0	1.1	1.el8	x86_64
libgcc	0	8.5.0	26.el8_10	i686
libgcc	0	8.5.0	26.el8_10	x86_64
libgcrypt	0	1.8.5	7.el8_6	x86_64
libgfortran	0	8.5.0	26.el8_10	x86_64
libglvnd	1	1.3.4	2.el8	x86_64
libglvnd-core-devel	1	1.3.4	2.el8	x86_64
libglvnd-devel	1	1.3.4	2.el8	x86_64
libglvnd-egl	1	1.3.4	2.el8	x86_64
libglvnd-gles	1	1.3.4	2.el8	x86_64
libglvnd-glx	1	1.3.4	2.el8	x86_64
libglvnd-opengl	1	1.3.4	2.el8	x86_64
libgomp	0	8.5.0	26.el8_10	x86_64
libgpg-error	0	1.31	1.el8	x86_64
libgs	0	9.27	17.el8_10	x86_64
libgudev	0	232	4.el8	x86_64
libgusb	0	0.3.0	1.el8	x86_64
libibumad	0	48.0	1.el8	x86_64
libibverbs	0	48.0	1.el8	x86_64
libibverbs-utils	0	48.0	1.el8	x86_64
libical	0	3.0.3	3.el8	x86_64
libicu	0	60.3	2.el8_1	x86_64
libicu-devel	0	60.3	2.el8_1	x86_64
libidn	0	1.34	5.el8	x86_64
libidn2	0	2.2.0	1.el8	x86_64
libijs	0	0.35	5.el8	x86_64
libini_config	0	1.3.1	40.el8	x86_64
libinput	0	1.16.3	3.el8_6	x86_64
libipa_hbac	0	2.9.4	5.el8_10.2	x86_64
libipt	0	1.6.1	8.el8	x86_64
libjpeg-turbo	0	1.5.3	14.el8_10	i686
libjpeg-turbo	0	1.5.3	14.el8_10	x86_64
libjwt	0	1.12.1	7.el8	x86_64
libkadm5	0	1.18.2	32.el8_10	x86_64
libkcapi	0	1.4.0	2.el8	x86_64
libkcapi-hmaccalc	0	1.4.0	2.el8	x86_64
libksba	0	1.3.5	9.el8_7	x86_64
libldb	0	2.8.0	1.el8_10	x86_64
liblockfile	0	1.14	2.el8	x86_64
libmaxminddb	0	1.2.0	10.el8_9.1	x86_64
libmaxminddb-devel	0	1.2.0	10.el8_9.1	x86_64
libmcpp	0	2.7.2	20.el8	x86_64
libmd	0	1.1.0	1.el8	x86_64
libmetalink	0	0.1.3	7.el8	x86_64
libmnl	0	1.0.4	6.el8	x86_64
libmodman	0	2.0.1	17.el8	x86_64
libmodulemd	0	2.13.0	1.el8	x86_64
libmount	0	2.32.1	46.el8	x86_64
libmpc	0	1.1.0	9.1.el8	x86_64
libmspack	0	0.7	0.3.alpha.el8.4	x86_64
libndp	0	1.7	7.el8_10	x86_64
libnet	0	1.1.6	15.el8	x86_64
libnetfilter_conntrack	0	1.0.6	5.el8	x86_64
libnfnetlink	0	1.0.1	13.el8	x86_64
libnfsidmap	1	2.3.3	64.el8_10	x86_64
libnftnl	0	1.2.2	3.el8	x86_64
libnghttp2	0	1.33.0	6.el8_10.1	x86_64
libnl3	0	3.7.0	1.el8	i686
libnl3	0	3.7.0	1.el8	x86_64
libnl3-cli	0	3.7.0	1.el8	x86_64
libnl3-devel	0	3.7.0	1.el8	x86_64
libnsl	0	2.28	251.el8_10.25	x86_64
libnsl2	0	1.2.0	2.20180605git4a062cf.el8	i686
libnsl2	0	1.2.0	2.20180605git4a062cf.el8	x86_64
libnvidia-container-tools	0	1.13.5	1	x86_64
libnvidia-container1	0	1.13.5	1	x86_64
libogg	2	1.3.2	10.el8	x86_64
libpaper	0	1.1.24	22.el8	x86_64
libpath_utils	0	0.2.1	40.el8	x86_64
libpcap	14	1.9.1	5.el8	x86_64
libpciaccess	0	0.14	1.el8	i686
libpciaccess	0	0.14	1.el8	x86_64
libpciaccess-devel	0	0.14	1.el8	x86_64
libpfm	0	4.13.0	4.el8	x86_64
libpipeline	0	1.5.0	2.el8	x86_64
libpkgconf	0	1.4.2	1.el8	x86_64
libpng	2	1.6.34	5.el8	x86_64
libproxy	0	0.4.15	5.5.el8_10	x86_64
libpsl	0	0.20.2	6.el8	x86_64
libpsm2	0	11.2.230	1.el8.1	x86_64
libpwquality	0	1.4.4	6.el8	x86_64
libquadmath	0	8.5.0	26.el8_10	x86_64
libquadmath-devel	0	8.5.0	26.el8_10	x86_64
librdmacm	0	48.0	1.el8	x86_64
librdmacm-utils	0	48.0	1.el8	x86_64
libref_array	0	0.1.5	40.el8	x86_64
librepo	0	1.14.2	5.el8	x86_64
libreport-filesystem	0	2.9.5	15.el8	x86_64
librhsm	0	0.0.3	5.el8	x86_64
librsvg2	0	2.42.7	5.el8	x86_64
libseccomp	0	2.5.2	1.el8	x86_64
libsecret	0	0.18.6	1.el8	x86_64
libselinux	0	2.9	10.el8_10	i686
libselinux	0	2.9	10.el8_10	x86_64
libselinux-devel	0	2.9	10.el8_10	x86_64
libselinux-ruby	0	2.9	10.el8_10	x86_64
libselinux-utils	0	2.9	10.el8_10	x86_64
libsemanage	0	2.9	12.el8_10	x86_64
libsepol	0	2.9	3.el8	i686
libsepol	0	2.9	3.el8	x86_64
libsepol-devel	0	2.9	3.el8	x86_64
libsigsegv	0	2.11	5.el8	x86_64
libslirp	0	4.4.0	2.module+el8.10.0+23320+f7205097	x86_64
libsmartcols	0	2.32.1	46.el8	x86_64
libsmbclient	0	4.19.4	9.el8_10	x86_64
libsmbios	0	2.4.1	2.el8	x86_64
libsndfile	0	1.0.28	16.el8_10	x86_64
libsolv	0	0.7.20	6.el8	x86_64
libsoup	0	2.62.3	9.el8_10	x86_64
libss	0	1.45.6	6.el8_10	x86_64
libssh	0	0.9.6	14.el8	x86_64
libssh-config	0	0.9.6	14.el8	noarch
libsss_autofs	0	2.9.4	5.el8_10.2	x86_64
libsss_certmap	0	2.9.4	5.el8_10.2	x86_64
libsss_idmap	0	2.9.4	5.el8_10.2	x86_64
libsss_nss_idmap	0	2.9.4	5.el8_10.2	x86_64
libsss_simpleifp	0	2.9.4	5.el8_10.2	x86_64
libsss_sudo	0	2.9.4	5.el8_10.2	x86_64
libstdc++	0	8.5.0	26.el8_10	i686
libstdc++	0	8.5.0	26.el8_10	x86_64
libstdc++-devel	0	8.5.0	26.el8_10	x86_64
libsysfs	0	2.1.0	25.el8	x86_64
libtalloc	0	2.4.1	0.el8	x86_64
libtasn1	0	4.13	5.el8_10	x86_64
libtdb	0	1.4.9	0.el8	x86_64
libteam	0	1.31	4.el8	x86_64
libtevent	0	0.16.0	0.el8	x86_64
libthai	0	0.1.27	2.el8	x86_64
libtiff	0	4.0.9	34.el8_10	x86_64
libtirpc	0	1.1.4	12.el8_10	i686
libtirpc	0	1.1.4	12.el8_10	x86_64
libtool	0	2.4.6	25.el8	x86_64
libtool-ltdl	0	2.4.6	25.el8	x86_64
libudisks2	0	2.9.0	16.el8	x86_64
libunistring	0	0.9.9	3.el8	x86_64
libusbx	0	1.0.23	4.el8	x86_64
libuser	0	0.62	26.el8_10	x86_64
libutempter	0	1.1.6	14.el8	x86_64
libuuid	0	2.32.1	46.el8	x86_64
libuuid-devel	0	2.32.1	46.el8	x86_64
libverto	0	0.3.2	2.el8	i686
libverto	0	0.3.2	2.el8	x86_64
libverto-devel	0	0.3.2	2.el8	x86_64
libverto-libevent	0	0.3.2	2.el8	x86_64
libvorbis	1	1.3.6	2.el8	x86_64
libwacom	0	1.6	3.el8	x86_64
libwacom-data	0	1.6	3.el8	noarch
libwayland-client	0	1.21.0	1.el8	i686
libwayland-client	0	1.21.0	1.el8	x86_64
libwayland-cursor	0	1.21.0	1.el8	x86_64
libwayland-egl	0	1.21.0	1.el8	x86_64
libwayland-server	0	1.21.0	1.el8	i686
libwayland-server	0	1.21.0	1.el8	x86_64
libwbclient	0	4.19.4	9.el8_10	x86_64
libwebp	0	1.0.0	11.el8_10	x86_64
libxcb	0	1.13.1	1.el8	i686
libxcb	0	1.13.1	1.el8	x86_64
libxcb-devel	0	1.13.1	1.el8	x86_64
libxcrypt	0	4.1.1	6.el8	i686
libxcrypt	0	4.1.1	6.el8	x86_64
libxcrypt-devel	0	4.1.1	6.el8	i686
libxcrypt-devel	0	4.1.1	6.el8	x86_64
libxcrypt-static	0	4.1.1	6.el8	x86_64
libxkbcommon	0	0.9.1	1.el8	x86_64
libxkbfile	0	1.1.0	1.el8	x86_64
libxml2	0	2.9.7	21.el8_10.3	x86_64
libxml2-devel	0	2.9.7	21.el8_10.3	x86_64
libxmlb	0	0.1.15	1.el8	x86_64
libxshmfence	0	1.3	2.el8	x86_64
libxshmfence-devel	0	1.3	2.el8	x86_64
libxslt	0	1.1.32	6.2.el8_10	x86_64
libyaml	0	0.1.7	5.el8	x86_64
libzstd	0	1.4.4	1.el8	i686
libzstd	0	1.4.4	1.el8	x86_64
libzstd-devel	0	1.4.4	1.el8	x86_64
linux-firmware	0	20250626	131.gitb05fabcd.el8_10	noarch
lksctp-tools	0	1.0.18	3.el8	x86_64
llvm-compat-libs	0	17.0.6	3.module+el8.10.0+22218+ed012fd4	x86_64
llvm-libs	0	19.1.7	2.module+el8.10.0+23045+e1f8e80e	x86_64
lm_sensors-devel	0	3.4.0	23.20180522git70f7e08.el8	x86_64
lm_sensors-libs	0	3.4.0	23.20180522git70f7e08.el8	x86_64
lmdb-libs	0	0.9.24	2.el8	x86_64
lockdev	0	1.0.4	0.28.20111007git.el8	x86_64
logrotate	0	3.14.0	6.el8	x86_64
lrzsz	0	0.12.20	43.el8	x86_64
lshw	0	B.02.19.2	6.el8	x86_64
lsof	0	4.93.2	1.el8	x86_64
lsscsi	0	0.32	3.el8	x86_64
ltrace	0	0.7.91	28.el8	x86_64
lua	0	5.3.4	12.el8	x86_64
lua-filesystem	0	1.6.3	7.el8	x86_64
lua-json	0	1.3.2	9.el8	noarch
lua-libs	0	5.3.4	12.el8	x86_64
lua-lpeg	0	1.0.1	6.el8	x86_64
lua-posix	0	33.3.1	9.el8	x86_64
lua-tcl2lua	0	8.5	100088_cm9.2_161d79f361	x86_64
lua-term	0	0.07	23_cm9.2	x86_64
lvm2	8	2.03.14	15.el8_10.2	x86_64
lvm2-libs	8	2.03.14	15.el8_10.2	x86_64
lynx	0	2.8.9	2.el8	x86_64
lz4-libs	0	1.8.3	5.el8_10	x86_64
lzo	0	2.08	14.el8	x86_64
m4	0	1.4.18	7.el8	x86_64
mailcap	0	2.1.48	3.el8	noarch
mailx	0	12.5	29.el8	x86_64
make	1	4.2.1	11.el8	x86_64
man-db	0	2.7.6.1	18.el8	x86_64
man-pages	0	4.15	7.el8	x86_64
man-pages-overrides	0	8.9.0.0	1.el8	noarch
mariadb-connector-c	0	3.1.11	2.el8_3	x86_64
mariadb-connector-c-config	0	3.1.11	2.el8_3	noarch
mariadb-connector-c-devel	0	3.1.11	2.el8_3	x86_64
mariadb-devel	3	10.3.39	1.module+el8.8.0+19673+72b0d35f	x86_64
mc	1	4.8.19	9.el8	x86_64
mcelog	3	195	0.el8	x86_64
mcpp	0	2.7.2	20.el8	x86_64
mdadm	0	4.2	16.el8_10	x86_64
memstrack	0	0.2.5	2.el8	x86_64
mesa-libEGL	0	23.1.4	4.el8_10	x86_64
mesa-libGL	0	23.1.4	4.el8_10	x86_64
mesa-libGL-devel	0	23.1.4	4.el8_10	x86_64
mesa-libGLU	0	9.0.0	15.el8	x86_64
mesa-libGLU-devel	0	9.0.0	15.el8	x86_64
mesa-libOSMesa	0	23.1.4	4.el8_10	x86_64
mesa-libgbm	0	23.1.4	4.el8_10	i686
mesa-libgbm	0	23.1.4	4.el8_10	x86_64
mesa-libglapi	0	23.1.4	4.el8_10	x86_64
microcode_ctl	4	20250512	1.el8_10	x86_64
minicom	0	2.7.1	9.el8	x86_64
mod_http2	0	1.15.7	10.module+el8.10.0+22750+88d36e3a.3	x86_64
mokutil	1	0.3.0	12.el8	x86_64
motif	0	2.3.4	23.el8_10	x86_64
mozjs60	0	60.9.0	4.el8	x86_64
mpdecimal	0	2.5.1	3.el8	x86_64
mpfr	0	3.1.6	1.el8	x86_64
mtdev	0	1.1.5	12.el8	x86_64
munge	0	0.5.16	100105_cm9.2_5d73dc5e7e	x86_64
mysql++	0	3.3.0	505_cm9.2	x86_64
nano	0	2.9.8	3.el8_10	x86_64
ncurses	0	6.1	10.20180224.el8	x86_64
ncurses-base	0	6.1	10.20180224.el8	noarch
ncurses-c++-libs	0	6.1	10.20180224.el8	x86_64
ncurses-compat-libs	0	6.1	10.20180224.el8	x86_64
ncurses-devel	0	6.1	10.20180224.el8	x86_64
ncurses-libs	0	6.1	10.20180224.el8	i686
ncurses-libs	0	6.1	10.20180224.el8	x86_64
net-snmp	1	5.8	30.el8	x86_64
net-snmp-agent-libs	1	5.8	30.el8	x86_64
net-snmp-devel	1	5.8	30.el8	x86_64
net-snmp-libs	1	5.8	30.el8	x86_64
net-snmp-recent	2	5.9.1	278_cm9.2	x86_64
net-tools	0	2.0	0.52.20160912git.el8	x86_64
nettle	0	3.4.1	7.el8	x86_64
network-scripts	0	10.00.18	1.el8	x86_64
network-scripts-team	0	1.31	4.el8	x86_64
newt	0	0.52.20	11.el8	x86_64
nfs-utils	1	2.3.3	64.el8_10	x86_64
nftables	1	1.0.4	7.el8_10	x86_64
nginx-filesystem	1	1.14.1	9.module+el8.0.0+4108+af250afe	noarch
nmap-ncat	2	7.92	1.el8	x86_64
npth	0	1.5	4.el8	x86_64
nscd	0	2.28	251.el8_10.25	x86_64
nspr	0	4.35.0	1.el8_8	x86_64
nss	0	3.101.0	11.el8_8	x86_64
nss-pam-ldapd	0	0.9.9	5.el8	x86_64
nss-softokn	0	3.101.0	11.el8_8	x86_64
nss-softokn-freebl	0	3.101.0	11.el8_8	i686
nss-softokn-freebl	0	3.101.0	11.el8_8	x86_64
nss-sysinit	0	3.101.0	11.el8_8	x86_64
nss-tools	0	3.101.0	11.el8_8	x86_64
nss-util	0	3.101.0	11.el8_8	x86_64
ntsysv	0	1.19.2	1.el8	x86_64
numactl	0	2.0.16	4.el8	x86_64
numactl-libs	0	2.0.16	4.el8	i686
numactl-libs	0	2.0.16	4.el8	x86_64
nvidia-container-runtime	0	3.13.0	1	noarch
nvidia-container-toolkit	0	1.13.5	1	x86_64
nvidia-container-toolkit-base	0	1.13.5	1	x86_64
nvtop	0	3.3.1	2.el8	x86_64
ocaml-srpm-macros	0	5	4.el8	noarch
oddjob	0	0.34.7	3.el8	x86_64
oddjob-mkhomedir	0	0.34.7	3.el8	x86_64
oniguruma	0	6.8.2	3.el8	x86_64
opa-address-resolution	1	10.12.1.0.6	1.el8.1	x86_64
opa-basic-tools	1	10.12.1.0.6	1.el8.1	x86_64
opa-fastfabric	1	10.12.1.0.6	1.el8.1	x86_64
opa-fm	1	10.12.1.0.6	1.el8	x86_64
opa-libopamgt	1	10.12.1.0.6	1.el8.1	x86_64
open-vm-tools	0	12.3.5	2.el8	x86_64
openblas-srpm-macros	0	2	2.el8	noarch
openjpeg2	0	2.4.0	5.el8	x86_64
openldap	0	2.4.46	21.el8_10	x86_64
openldap-clients	0	2.4.46	21.el8_10	x86_64
openldap-servers	0	2.4.59	100211_cm9.2_0fccbb511a	x86_64
openpbs20-client	0	20.0.1	100463_cm9.2_05eade775e	x86_64
opensm	0	3.3.24	1.el8	x86_64
opensm-devel	0	3.3.24	1.el8	x86_64
opensm-libs	0	3.3.24	1.el8	x86_64
openssh	0	8.0p1	25.el8_10	x86_64
openssh-clients	0	8.0p1	25.el8_10	x86_64
openssh-server	0	8.0p1	25.el8_10	x86_64
openssl	1	1.1.1k	14.el8_6	x86_64
openssl-devel	1	1.1.1k	14.el8_6	x86_64
openssl-libs	1	1.1.1k	14.el8_6	i686
openssl-libs	1	1.1.1k	14.el8_6	x86_64
openssl-pkcs11	0	0.4.10	3.el8	i686
openssl-pkcs11	0	0.4.10	3.el8	x86_64
os-prober	0	1.74	9.el8	x86_64
p11-kit	0	0.23.22	2.el8	x86_64
p11-kit-trust	0	0.23.22	2.el8	x86_64
p7zip	0	16.02	31.el8	x86_64
p7zip-plugins	0	16.02	31.el8	x86_64
pam	0	1.3.1	37.el8_10	i686
pam	0	1.3.1	37.el8_10	x86_64
pam-devel	0	1.3.1	37.el8_10	x86_64
pango	0	1.42.4	8.el8	x86_64
papi	0	5.6.0	20.el8	x86_64
papi-libs	0	5.6.0	20.el8	x86_64
parted	0	3.4	112_cm9.2	x86_64
passwd	0	0.80	4.el8	x86_64
patch	0	2.7.6	11.el8	x86_64
patchutils	0	0.3.4	10.el8	x86_64
pbspro2020-client	0	2020.1.4.20210506140333	100386_cm9.1_675ce1720c	x86_64
pciutils	0	3.7.0	3.el8	x86_64
pciutils-libs	0	3.7.0	3.el8	x86_64
pcre	0	8.42	6.el8	i686
pcre	0	8.42	6.el8	x86_64
pcre-cpp	0	8.42	6.el8	x86_64
pcre-devel	0	8.42	6.el8	x86_64
pcre-utf16	0	8.42	6.el8	x86_64
pcre-utf32	0	8.42	6.el8	x86_64
pcre2	0	10.32	3.el8_6	i686
pcre2	0	10.32	3.el8_6	x86_64
pcre2-devel	0	10.32	3.el8_6	x86_64
pcre2-utf16	0	10.32	3.el8_6	x86_64
pcre2-utf32	0	10.32	3.el8_6	x86_64
pcsc-lite-libs	0	1.9.5	1.el8	x86_64
pdsh	0	2.34	74_cm9.2	x86_64
pdsh-rcmd-ssh	0	2.34	74_cm9.2	x86_64
perftest	0	23.07.0.0.27	1.el8	x86_64
perl	4	5.26.3	423.el8_10	x86_64
perl-Algorithm-Diff	0	1.1903	9.el8	noarch
perl-Archive-Tar	0	2.30	1.el8	noarch
perl-Archive-Zip	0	1.60	3.el8	noarch
perl-Attribute-Handlers	0	0.99	423.el8_10	noarch
perl-B-Debug	0	1.26	2.el8	noarch
perl-CPAN	0	2.18	402.el8_10	noarch
perl-CPAN-Meta	0	2.150010	396.el8	noarch
perl-CPAN-Meta-Requirements	0	2.140	396.el8	noarch
perl-CPAN-Meta-YAML	0	0.018	397.el8	noarch
perl-Carp	0	1.42	396.el8	noarch
perl-Compress-Bzip2	0	2.26	6.el8	x86_64
perl-Compress-Raw-Bzip2	0	2.081	1.el8	x86_64
perl-Compress-Raw-Zlib	0	2.081	1.el8	x86_64
perl-Config-IniFiles	0	2.88	82_cm9.2	x86_64
perl-Config-Perl-V	0	0.30	1.el8	noarch
perl-DBI	0	1.641	4.module+el8.6.0+13388+70c0920f	x86_64
perl-DB_File	0	1.842	1.el8	x86_64
perl-Data-Dump	0	1.23	7.module+el8.3.0+6498+9eecfe51	noarch
perl-Data-Dumper	0	2.167	399.el8	x86_64
perl-Data-OptList	0	0.110	6.el8	noarch
perl-Data-Section	0	0.200007	3.el8	noarch
perl-Data-UUID	0	1.221	10.el8	x86_64
perl-Devel-PPPort	0	3.36	5.el8	x86_64
perl-Devel-Peek	0	1.26	423.el8_10	x86_64
perl-Devel-SelfStubber	0	1.06	423.el8_10	noarch
perl-Devel-Size	0	0.81	2.el8	x86_64
perl-Digest	0	1.17	395.el8	noarch
perl-Digest-HMAC	0	1.03	17.module+el8.3.0+6498+9eecfe51	noarch
perl-Digest-MD5	0	2.55	396.el8	x86_64
perl-Digest-SHA	1	6.02	1.el8	x86_64
perl-Encode	4	2.97	3.el8	x86_64
perl-Encode-Locale	0	1.05	10.module+el8.3.0+6498+9eecfe51	noarch
perl-Encode-devel	4	2.97	3.el8	x86_64
perl-Env	0	1.04	395.el8	noarch
perl-Errno	0	1.28	423.el8_10	x86_64
perl-Error	1	0.17025	2.el8	noarch
perl-Exporter	0	5.72	396.el8	noarch
perl-Exporter-Tiny	0	1.000000	4.el8	noarch
perl-ExtUtils-CBuilder	1	0.280230	2.el8	noarch
perl-ExtUtils-Command	1	7.34	1.el8	noarch
perl-ExtUtils-Embed	0	1.34	423.el8_10	noarch
perl-ExtUtils-Install	0	2.14	4.el8	noarch
perl-ExtUtils-MM-Utils	1	7.34	1.el8	noarch
perl-ExtUtils-MakeMaker	1	7.34	1.el8	noarch
perl-ExtUtils-Manifest	0	1.70	395.el8	noarch
perl-ExtUtils-Miniperl	0	1.06	423.el8_10	noarch
perl-ExtUtils-ParseXS	1	3.35	2.el8	noarch
perl-Fedora-VSP	0	0.001	9.el8	noarch
perl-File-Fetch	0	0.56	2.el8	noarch
perl-File-HomeDir	0	1.002	4.el8	noarch
perl-File-Listing	0	6.04	17.module+el8.3.0+6498+9eecfe51	noarch
perl-File-Path	0	2.15	2.el8	noarch
perl-File-Temp	0	0.230.600	1.el8	noarch
perl-File-Which	0	1.22	2.el8	noarch
perl-Filter	2	1.58	2.el8	x86_64
perl-Filter-Simple	0	0.94	2.el8	noarch
perl-Getopt-Long	1	2.50	4.el8	noarch
perl-Git	0	2.43.7	1.el8_10	noarch
perl-HTML-Parser	0	3.72	15.module+el8.3.0+6498+9eecfe51	x86_64
perl-HTML-Tagset	0	3.20	34.module+el8.3.0+6498+9eecfe51	noarch
perl-HTTP-Cookies	0	6.04	2.module+el8.3.0+6498+9eecfe51	noarch
perl-HTTP-Daemon	0	6.01	23.el8	noarch
perl-HTTP-Date	0	6.02	19.module+el8.3.0+6498+9eecfe51	noarch
perl-HTTP-Message	0	6.18	1.module+el8.3.0+6498+9eecfe51	noarch
perl-HTTP-Negotiate	0	6.01	19.module+el8.3.0+6498+9eecfe51	noarch
perl-HTTP-Tiny	0	0.074	3.el8	noarch
perl-IO	0	1.38	423.el8_10	x86_64
perl-IO-Compress	0	2.081	1.el8	noarch
perl-IO-HTML	0	1.001	11.module+el8.3.0+6498+9eecfe51	noarch
perl-IO-Socket-IP	0	0.39	5.el8	noarch
perl-IO-Socket-SSL	0	2.066	4.module+el8.3.0+6446+594cad75	noarch
perl-IO-Zlib	1	1.10	423.el8_10	noarch
perl-IPC-Cmd	2	1.02	1.el8	noarch
perl-IPC-SysV	0	2.07	397.el8	x86_64
perl-IPC-System-Simple	0	1.25	17.el8	noarch
perl-JSON	0	2.97.001	2.el8	noarch
perl-JSON-PP	1	2.97.001	3.el8	noarch
perl-LWP-MediaTypes	0	6.02	15.module+el8.3.0+6498+9eecfe51	noarch
perl-LWP-Protocol-https	0	6.07	4.module+el8.3.0+6498+9eecfe51	noarch
perl-List-MoreUtils	0	0.428	2.el8	noarch
perl-List-MoreUtils-XS	0	0.428	3.el8	x86_64
perl-Locale-Codes	0	3.57	1.el8	noarch
perl-Locale-Maketext	0	1.28	396.el8	noarch
perl-Locale-Maketext-Simple	1	0.21	423.el8_10	noarch
perl-MIME-Base64	0	3.15	396.el8	x86_64
perl-MRO-Compat	0	0.13	4.el8	noarch
perl-Math-BigInt	1	1.9998.11	7.el8	noarch
perl-Math-BigInt-FastCalc	0	0.500.600	6.el8	x86_64
perl-Math-BigRat	0	0.2614	1.el8	noarch
perl-Math-Complex	0	1.59	423.el8_10	noarch
perl-Memoize	0	1.03	423.el8_10	noarch
perl-Module-Build	2	0.42.24	5.el8	noarch
perl-Module-CoreList	1	5.20181130	1.el8	noarch
perl-Module-CoreList-tools	1	5.20181130	1.el8	noarch
perl-Module-Load	1	0.32	395.el8	noarch
perl-Module-Load-Conditional	0	0.68	395.el8	noarch
perl-Module-Loaded	1	0.08	423.el8_10	noarch
perl-Module-Metadata	0	1.000033	395.el8	noarch
perl-Mozilla-CA	0	20160104	7.module+el8.3.0+6498+9eecfe51	noarch
perl-NTLM	0	1.09	17.module+el8.3.0+6498+9eecfe51	noarch
perl-Net-HTTP	0	6.17	2.module+el8.3.0+6498+9eecfe51	noarch
perl-Net-Ping	0	2.55	423.el8_10	noarch
perl-Net-SSLeay	0	1.88	2.module+el8.6.0+13392+f0897f98	x86_64
perl-Package-Generator	0	1.106	11.el8	noarch
perl-Params-Check	1	0.38	395.el8	noarch
perl-Params-Util	0	1.07	22.el8	x86_64
perl-PathTools	0	3.74	1.el8	x86_64
perl-Perl-OSType	0	1.010	396.el8	noarch
perl-PerlIO-via-QuotedPrint	0	0.08	395.el8	noarch
perl-Pod-Checker	4	1.73	395.el8	noarch
perl-Pod-Escapes	1	1.07	395.el8	noarch
perl-Pod-Html	0	1.22.02	423.el8_10	noarch
perl-Pod-Parser	0	1.63	396.el8	noarch
perl-Pod-Perldoc	0	3.28	396.el8	noarch
perl-Pod-Simple	1	3.35	395.el8	noarch
perl-Pod-Usage	4	1.69	395.el8	noarch
perl-Scalar-List-Utils	3	1.49	2.el8	x86_64
perl-SelfLoader	0	1.23	423.el8_10	noarch
perl-Socket	4	2.027	3.el8	x86_64
perl-Software-License	0	0.103013	2.el8	noarch
perl-Storable	1	3.11	3.el8	x86_64
perl-String-ShellQuote	0	1.04	24.module+el8.10.0+22411+e14e3526	noarch
perl-Sub-Exporter	0	0.987	15.el8	noarch
perl-Sub-Install	0	0.928	14.el8	noarch
perl-Sys-Syslog	0	0.35	397.el8	x86_64
perl-Term-ANSIColor	0	4.06	396.el8	noarch
perl-Term-Cap	0	1.17	395.el8	noarch
perl-TermReadKey	0	2.37	7.el8	x86_64
perl-Test	0	1.30	423.el8_10	noarch
perl-Test-Harness	1	3.42	1.el8	noarch
perl-Test-Simple	1	1.302135	1.el8	noarch
perl-Text-Balanced	0	2.03	395.el8	noarch
perl-Text-Diff	0	1.45	2.el8	noarch
perl-Text-Glob	0	0.11	4.el8	noarch
perl-Text-ParseWords	0	3.30	395.el8	noarch
perl-Text-Tabs+Wrap	0	2013.0523	395.el8	noarch
perl-Text-Template	0	1.51	1.el8	noarch
perl-Text-Unidecode	0	1.30	5.el8	noarch
perl-Thread-Queue	0	3.13	1.el8	noarch
perl-Time-HiRes	4	1.9758	2.el8	x86_64
perl-Time-Local	1	1.280	1.el8	noarch
perl-Time-Piece	0	1.31	423.el8_10	x86_64
perl-TimeDate	1	2.30	15.module+el8.3.0+6498+9eecfe51	noarch
perl-Try-Tiny	0	0.30	7.module+el8.3.0+6498+9eecfe51	noarch
perl-URI	0	1.73	3.el8	noarch
perl-Unicode-Collate	0	1.25	2.el8	x86_64
perl-Unicode-EastAsianWidth	0	1.33	13.el8	noarch
perl-Unicode-Normalize	0	1.25	396.el8	x86_64
perl-WWW-RobotRules	0	6.02	18.module+el8.3.0+6498+9eecfe51	noarch
perl-XML-LibXML	1	2.0132	2.el8	x86_64
perl-XML-NamespaceSupport	0	1.12	4.el8	noarch
perl-XML-Parser	0	2.44	11.el8	x86_64
perl-XML-SAX	0	1.00	1.el8	noarch
perl-XML-SAX-Base	0	1.09	4.el8	noarch
perl-XML-Simple	0	2.25	1.el8	noarch
perl-autodie	0	2.29	396.el8	noarch
perl-bignum	0	0.49	2.el8	noarch
perl-constant	0	1.33	396.el8	noarch
perl-devel	4	5.26.3	423.el8_10	x86_64
perl-encoding	4	2.22	3.el8	x86_64
perl-experimental	0	0.019	2.el8	noarch
perl-generators	0	1.10	9.el8	noarch
perl-inc-latest	2	0.500	9.el8	noarch
perl-interpreter	4	5.26.3	423.el8_10	x86_64
perl-libintl-perl	0	1.29	2.el8	x86_64
perl-libnet	0	3.11	3.el8	noarch
perl-libnetcfg	4	5.26.3	423.el8_10	noarch
perl-libs	4	5.26.3	423.el8_10	x86_64
perl-libwww-perl	0	6.34	1.module+el8.3.0+6498+9eecfe51	noarch
perl-local-lib	0	2.000024	2.el8	noarch
perl-macros	4	5.26.3	423.el8_10	x86_64
perl-open	0	1.11	423.el8_10	noarch
perl-parent	1	0.237	1.el8	noarch
perl-perlfaq	0	5.20180605	1.el8	noarch
perl-podlators	0	4.11	1.el8	noarch
perl-srpm-macros	0	1	25.el8	noarch
perl-threads	1	2.21	2.el8	x86_64
perl-threads-shared	0	1.58	2.el8	x86_64
perl-utils	0	5.26.3	423.el8_10	noarch
perl-version	6	0.99.24	1.el8	x86_64
pesign	0	0.112	27.el8_7	x86_64
php	0	7.2.24	1.module+el8.2.0+4601+7c76a223	x86_64
php-cli	0	7.2.24	1.module+el8.2.0+4601+7c76a223	x86_64
php-common	0	7.2.24	1.module+el8.2.0+4601+7c76a223	x86_64
php-fpm	0	7.2.24	1.module+el8.2.0+4601+7c76a223	x86_64
php-json	0	7.2.24	1.module+el8.2.0+4601+7c76a223	x86_64
php-xml	0	7.2.24	1.module+el8.2.0+4601+7c76a223	x86_64
pigz	0	2.4	4.el8	x86_64
pinentry	0	1.1.0	2.el8	x86_64
pixman	0	0.38.4	4.el8	x86_64
pkgconf	0	1.4.2	1.el8	x86_64
pkgconf-m4	0	1.4.2	1.el8	noarch
pkgconf-pkg-config	0	1.4.2	1.el8	x86_64
platform-python	0	3.6.8	70.el8_10	x86_64
platform-python-devel	0	3.6.8	70.el8_10	x86_64
platform-python-pip	0	9.0.3	24.el8	noarch
platform-python-setuptools	0	39.2.0	9.el8_10	noarch
podman	4	4.9.4	22.module+el8.10.0+23320+f7205097	x86_64
podman-catatonit	4	4.9.4	22.module+el8.10.0+23320+f7205097	x86_64
podman-gvproxy	4	4.9.4	22.module+el8.10.0+23320+f7205097	x86_64
podman-plugins	4	4.9.4	22.module+el8.10.0+23320+f7205097	x86_64
policycoreutils	0	2.9	26.el8_10	x86_64
policycoreutils-python-utils	0	2.9	26.el8_10	noarch
polkit	0	0.115	15.el8_10.2	x86_64
polkit-libs	0	0.115	15.el8_10.2	x86_64
polkit-pkla-compat	0	0.1	12.el8	x86_64
poppler	0	20.11.0	12.el8_10	x86_64
poppler-data	0	0.4.9	2.el8	noarch
poppler-utils	0	20.11.0	12.el8_10	x86_64
popt	0	1.18	1.el8	x86_64
popt-devel	0	1.18	1.el8	x86_64
postfix	2	3.5.8	7.el8	x86_64
prefixdevname	0	0.1.0	6.el8	x86_64
procps-ng	0	3.3.15	14.el8	x86_64
protobuf-c	0	1.3.0	8.el8	x86_64
psmisc	0	23.1	5.el8	x86_64
publicsuffix-list-dafsa	0	20180723	1.el8	noarch
pulseaudio-libs	0	14.0	4.el8	x86_64
python-rpm-macros	0	3	45.el8	noarch
python-srpm-macros	0	3	45.el8	noarch
python2	0	2.7.18	17.module+el8.10.0+20822+a15ec22d	x86_64
python2-libs	0	2.7.18	17.module+el8.10.0+20822+a15ec22d	x86_64
python2-pip	0	9.0.3	19.module+el8.9.0+19487+7dc18407	noarch
python2-pip-wheel	0	9.0.3	19.module+el8.9.0+19487+7dc18407	noarch
python2-setuptools	0	39.0.1	14.module+el8.10.0+20444+3bf7fee4	noarch
python2-setuptools-wheel	0	39.0.1	14.module+el8.10.0+20444+3bf7fee4	noarch
python3-PyMySQL	0	0.10.1	2.module+el8.10.0+20784+edafcd43	noarch
python3-audit	0	3.1.2	1.el8_10.1	x86_64
python3-bind	32	9.11.36	16.el8_10.4	noarch
python3-boto3	0	1.15.15	1.el8	noarch
python3-botocore	0	1.18.15	1.el8	noarch
python3-cffi	0	1.11.5	6.el8	x86_64
python3-chardet	0	3.0.4	7.el8	noarch
python3-cloud-what	0	1.28.44	1.el8_10	x86_64
python3-configobj	0	5.0.6	11.el8	noarch
python3-cryptography	0	3.2.1	7.el8_9	x86_64
python3-dateutil	1	2.6.1	6.el8	noarch
python3-dbus	0	1.2.4	15.el8	x86_64
python3-decorator	0	4.2.1	2.el8	noarch
python3-dmidecode	0	3.12.3	2.el8	x86_64
python3-dnf	0	4.7.0	21.el8_10	noarch
python3-dnf-plugins-core	0	4.0.21	25.el8	noarch
python3-docutils	0	0.14	12.module+el8.10.0+20784+edafcd43	noarch
python3-ethtool	0	0.14	5.el8	x86_64
python3-firewall	0	0.9.11	10.el8_10	noarch
python3-gobject-base	0	3.28.3	2.el8	x86_64
python3-gpg	0	1.13.1	12.el8	x86_64
python3-hawkey	0	0.63.0	21.el8_10	x86_64
python3-idna	0	2.5	7.el8_10	noarch
python3-iniparse	0	0.4	31.el8	noarch
python3-inotify	0	0.9.6	13.el8	noarch
python3-jmespath	0	0.9.0	11.el8	noarch
python3-jsonpatch	0	1.21	2.el8	noarch
python3-jsonpointer	0	1.10	11.el8	noarch
python3-libcomps	0	0.1.18	1.el8	x86_64
python3-libdnf	0	0.63.0	21.el8_10	x86_64
python3-librepo	0	1.14.2	5.el8	x86_64
python3-libs	0	3.6.8	70.el8_10	x86_64
python3-libselinux	0	2.9	10.el8_10	x86_64
python3-libsemanage	0	2.9	12.el8_10	x86_64
python3-libxml2	0	2.9.7	21.el8_10.3	x86_64
python3-linux-procfs	0	0.7.3	1.el8	noarch
python3-nftables	1	1.0.4	7.el8_10	x86_64
python3-perf	0	4.18.0	553.70.1.el8_10	x86_64
python3-pillow	0	5.1.1	21.el8_10	x86_64
python3-pip	0	9.0.3	24.el8	noarch
python3-pip-wheel	0	9.0.3	24.el8	noarch
python3-ply	0	3.9	9.el8	noarch
python3-policycoreutils	0	2.9	26.el8_10	noarch
python3-prettytable	0	0.7.2	14.el8	noarch
python3-pyasn1	0	0.3.7	6.el8	noarch
python3-pyasn1-modules	0	0.3.7	6.el8	noarch
python3-pycparser	0	2.14	14.el8	noarch
python3-pyparsing	0	2.1.10	7.el8	noarch
python3-pysocks	0	1.6.8	3.el8	noarch
python3-pytz	0	2017.2	11.el8	noarch
python3-pyudev	0	0.21.0	7.el8	noarch
python3-pyxdg	0	0.25	16.el8	noarch
python3-pyyaml	0	3.12	12.el8	x86_64
python3-requests	0	2.20.0	6.el8_10	noarch
python3-rpm	0	4.14.3	32.el8_10	x86_64
python3-rpm-generators	0	5	8.el8	noarch
python3-rpm-macros	0	3	45.el8	noarch
python3-s3transfer	0	0.3.4	1.el8	noarch
python3-schedutils	0	0.6	6.el8	x86_64
python3-setools	0	4.3.0	5.el8	x86_64
python3-setuptools	0	39.2.0	9.el8_10	noarch
python3-setuptools-wheel	0	39.2.0	9.el8_10	noarch
python3-six	0	1.11.0	8.el8	noarch
python3-slip	0	0.6.4	13.el8	noarch
python3-slip-dbus	0	0.6.4	13.el8	noarch
python3-sss	0	2.9.4	5.el8_10.2	x86_64
python3-sssdconfig	0	2.9.4	5.el8_10.2	noarch
python3-subscription-manager-rhsm	0	1.28.44	1.el8_10	x86_64
python3-syspurpose	0	1.28.44	1.el8_10	x86_64
python3-systemd	0	234	8.el8	x86_64
python3-unbound	0	1.16.2	5.9.el8_10	x86_64
python3-urllib3	0	1.24.2	8.el8_10	noarch
python3.11	0	3.11.13	1.el8_10	x86_64
python3.11-libs	0	3.11.13	1.el8_10	x86_64
python3.11-pip-wheel	0	22.3.1	5.el8	noarch
python3.11-setuptools-wheel	0	65.5.1	4.el8_10	noarch
python3.11-tkinter	0	3.11.13	1.el8_10	x86_64
python36	0	3.6.8	39.module+el8.10.0+20784+edafcd43	x86_64
python36-devel	0	3.6.8	39.module+el8.10.0+20784+edafcd43	x86_64
python39	0	3.9.20	1.module+el8.10.0+22342+478c159e	x86_64
python39-libs	0	3.9.20	1.module+el8.10.0+22342+478c159e	x86_64
python39-pip	0	20.2.4	9.module+el8.10.0+21329+8d76b841	noarch
python39-pip-wheel	0	20.2.4	9.module+el8.10.0+21329+8d76b841	noarch
python39-setuptools	0	50.3.2	6.module+el8.10.0+22183+c898c0c1	noarch
python39-setuptools-wheel	0	50.3.2	6.module+el8.10.0+22183+c898c0c1	noarch
python39-tkinter	0	3.9.20	1.module+el8.10.0+22342+478c159e	x86_64
qemu-guest-agent	15	6.2.0	53.module+el8.10.0+23081+c18b1ee3.4	x86_64
qpdf	0	7.1.1	10.el8	x86_64
qpdf-libs	0	7.1.1	10.el8	x86_64
qperf	0	0.4.11	3.el8	x86_64
qt5-srpm-macros	0	5.15.3	1.el8	noarch
quota	1	4.04	14.el8	x86_64
quota-nls	1	4.04	14.el8	noarch
rdma-core	0	48.0	1.el8	x86_64
rdma-core-devel	0	48.0	1.el8	x86_64
readline	0	7.0	10.el8	i686
readline	0	7.0	10.el8	x86_64
readline-devel	0	7.0	10.el8	x86_64
redhat-indexhtml	0	8	7.el8	noarch
redhat-logos-httpd	0	810.1	1.el8_10	noarch
redhat-lsb-core	0	4.1	47.el8	x86_64
redhat-lsb-submod-security	0	4.1	47.el8	x86_64
redhat-release	0	8.10	0.3.el8	x86_64
redhat-release-eula	0	8.10	0.3.el8	x86_64
redhat-rpm-config	0	131	1.el8	noarch
rest	0	0.8.1	2.el8	x86_64
rng-tools	0	6.16	1.el8	x86_64
rootfiles	0	8.1	22.el8	noarch
rpcbind	0	1.2.5	10.el8	x86_64
rpm	0	4.14.3	32.el8_10	x86_64
rpm-build	0	4.14.3	32.el8_10	x86_64
rpm-build-libs	0	4.14.3	32.el8_10	x86_64
rpm-devel	0	4.14.3	32.el8_10	x86_64
rpm-libs	0	4.14.3	32.el8_10	x86_64
rpm-plugin-selinux	0	4.14.3	32.el8_10	x86_64
rpm-plugin-systemd-inhibit	0	4.14.3	32.el8_10	x86_64
rpm-sign	0	4.14.3	32.el8_10	x86_64
rsync	0	3.1.3	23.el8_10	x86_64
rsyslog	0	8.2102.0	15.el8_10.1	x86_64
ruby	0	2.5.9	114.module+el8.10.0+23088+750dc6ca	x86_64
ruby-devel	0	2.5.9	114.module+el8.10.0+23088+750dc6ca	x86_64
ruby-irb	0	2.5.9	114.module+el8.10.0+23088+750dc6ca	noarch
ruby-libs	0	2.5.9	114.module+el8.10.0+23088+750dc6ca	x86_64
rubygem-bigdecimal	0	1.3.4	114.module+el8.10.0+23088+750dc6ca	x86_64
rubygem-did_you_mean	0	1.2.0	114.module+el8.10.0+23088+750dc6ca	noarch
rubygem-io-console	0	0.4.6	114.module+el8.10.0+23088+750dc6ca	x86_64
rubygem-json	0	2.1.0	114.module+el8.10.0+23088+750dc6ca	x86_64
rubygem-openssl	0	2.1.2	114.module+el8.10.0+23088+750dc6ca	x86_64
rubygem-psych	0	3.0.2	114.module+el8.10.0+23088+750dc6ca	x86_64
rubygem-rdoc	0	6.0.1.1	114.module+el8.10.0+23088+750dc6ca	noarch
rubygems	0	2.7.6.3	114.module+el8.10.0+23088+750dc6ca	noarch
runc	1	1.1.12	6.module+el8.10.0+23320+f7205097	x86_64
rust-srpm-macros	0	5	2.el8	noarch
samba-client-libs	0	4.19.4	9.el8_10	x86_64
samba-common	0	4.19.4	9.el8_10	noarch
samba-common-libs	0	4.19.4	9.el8_10	x86_64
sdparm	0	1.12	57_cm9.2	x86_64
sed	0	4.5	5.el8	x86_64
selinux-policy	0	3.14.3	139.el8_10.1	noarch
selinux-policy-targeted	0	3.14.3	139.el8_10.1	noarch
setserial	0	2.17	45.el8	x86_64
setup	0	2.12.2	9.el8	noarch
sg3_utils	0	1.44	6.el8	x86_64
sg3_utils-libs	0	1.44	6.el8	x86_64
sgml-common	0	0.6.3	50.el8	noarch
sgpio	0	1.2.0.10	23.el8	x86_64
shadow-utils	2	4.6	22.el8	x86_64
shadow-utils-subid	2	4.6	22.el8	x86_64
shared-mime-info	0	1.9	4.el8	x86_64
shim-x64	0	15.8	4.el8_9	x86_64
shorewall	0	5.2.8	155_cm9.2	noarch
slang	0	2.3.2	3.el8	x86_64
slirp4netns	0	1.2.3	1.module+el8.10.0+23320+f7205097	x86_64
slurm24.05-client	0	24.05.8	100769_cm9.2_6e2d101041	x86_64
smartmontools	1	7.1	3.el8	x86_64
snappy	0	1.1.8	3.el8	x86_64
source-highlight	0	3.1.8	18.el8_10	x86_64
spax	0	1.5.3	13.el8	x86_64
sqlite	0	3.26.0	20.el8_10	x86_64
sqlite-devel	0	3.26.0	20.el8_10	x86_64
sqlite-libs	0	3.26.0	20.el8_10	x86_64
squashfs-tools	0	4.3	21.el8	x86_64
squashfuse	0	0.1.104	1.el8	x86_64
squashfuse-libs	0	0.1.104	1.el8	x86_64
srvadmin-argtable2	0	10.0.1	4434.17782.el8	x86_64
srvadmin-cm	0	10.0.1	20.09.00	x86_64
srvadmin-deng	0	10.0.1	4434.17782.el8	x86_64
srvadmin-deng-snmp	0	10.0.1	4434.17782.el8	x86_64
srvadmin-hapi	0	10.0.1	4434.17782.el8	x86_64
srvadmin-idracadm7	0	10.0.1	4434.17782.el8	x86_64
srvadmin-isvc	0	10.0.1	4434.17782.el8	x86_64
srvadmin-isvc-snmp	0	10.0.1	4434.17782.el8	x86_64
srvadmin-itunnelprovider	0	10.0.1	4434.17782.el8	x86_64
srvadmin-jre	0	10.0.1	4434.17782.el8	x86_64
srvadmin-marvellib	0	10.0.1	4434.17782.el8	x86_64
srvadmin-nvme	0	10.0.1	4434.17782.el8	x86_64
srvadmin-omacore	0	10.0.1	4434.17782.el8	x86_64
srvadmin-omacs	0	10.0.1	4434.17782.el8	x86_64
srvadmin-omaksmig	0	10.0.1	4434.17782.el8	x86_64
srvadmin-omcommon	0	10.0.1	4434.17782.el8	x86_64
srvadmin-omilcore	0	10.0.1	4434.17782.el8	x86_64
srvadmin-ominst	0	10.0.1	4434.17782.el8	x86_64
srvadmin-oslog	0	10.0.1	4434.17782.el8	x86_64
srvadmin-realssd	0	10.0.1	4434.17782.el8	x86_64
srvadmin-selinux	0	10.0.1	4434.17782.el8	x86_64
srvadmin-smcommon	0	10.0.1	4434.17782.el8	x86_64
srvadmin-smweb	0	10.0.1	4434.17782.el8	x86_64
srvadmin-storage	0	10.0.1	4434.17782.el8	x86_64
srvadmin-storage-cli	0	10.0.1	4434.17782.el8	x86_64
srvadmin-storage-snmp	0	10.0.1	4434.17782.el8	x86_64
srvadmin-storelib	0	10.0.1	4434.17782.el8	x86_64
srvadmin-storelib-sysfs	0	10.0.1	4434.17782.el8	x86_64
srvadmin-sysfsutils	0	10.0.1	4434.17782.el8	x86_64
srvadmin-tomcat	0	10.0.1	4434.17782.el8	x86_64
srvadmin-xmlsup	0	10.0.1	4434.17782.el8	x86_64
sshpass	0	1.10	34_cm9.2	x86_64
sssd	0	2.9.4	5.el8_10.2	x86_64
sssd-ad	0	2.9.4	5.el8_10.2	x86_64
sssd-client	0	2.9.4	5.el8_10.2	x86_64
sssd-common	0	2.9.4	5.el8_10.2	x86_64
sssd-common-pac	0	2.9.4	5.el8_10.2	x86_64
sssd-dbus	0	2.9.4	5.el8_10.2	x86_64
sssd-ipa	0	2.9.4	5.el8_10.2	x86_64
sssd-kcm	0	2.9.4	5.el8_10.2	x86_64
sssd-krb5	0	2.9.4	5.el8_10.2	x86_64
sssd-krb5-common	0	2.9.4	5.el8_10.2	x86_64
sssd-ldap	0	2.9.4	5.el8_10.2	x86_64
sssd-nfs-idmap	0	2.9.4	5.el8_10.2	x86_64
sssd-proxy	0	2.9.4	5.el8_10.2	x86_64
sssd-tools	0	2.9.4	5.el8_10.2	x86_64
strace	0	5.18	2.1.el8_10	x86_64
stress-ng	0	0.15.00	1.el8	x86_64
subscription-manager	0	1.28.44	1.el8_10	x86_64
subscription-manager-rhsm-certificates	0	20220623	1.el8	noarch
sudo	0	1.9.5p2	1.el8_10.1	x86_64
sysfsutils	0	2.1.0	25.el8	x86_64
sysstat	0	11.7.3	13.el8_10	x86_64
systemd	0	239	82.el8_10.5	x86_64
systemd-libs	0	239	82.el8_10.5	x86_64
systemd-pam	0	239	82.el8_10.5	x86_64
systemd-udev	0	239	82.el8_10.5	x86_64
systemtap	0	4.9	3.el8	x86_64
systemtap-client	0	4.9	3.el8	x86_64
systemtap-devel	0	4.9	3.el8	x86_64
systemtap-runtime	0	4.9	3.el8	x86_64
systemtap-sdt-devel	0	4.9	3.el8	x86_64
tar	2	1.30	10.el8_10	x86_64
tcl	1	8.6.8	2.el8	x86_64
tcpdump	14	4.9.3	5.el8	x86_64
tcsh	0	6.20.00	15.el8	x86_64
teamd	0	1.31	4.el8	x86_64
texinfo	0	6.5	6.el8	x86_64
time	0	1.9	3.el8	x86_64
timedatex	0	0.5	3.el8	x86_64
tk	1	8.6.8	1.el8	x86_64
tmux	0	2.7	3.el8	x86_64
tpm2-tss	0	2.3.2	6.el8	x86_64
traceroute	3	2.1.0	9.el8_10	x86_64
trousers	0	0.3.15	2.el8	x86_64
trousers-lib	0	0.3.15	2.el8	x86_64
ttmkfdir	0	3.0.9	54.el8	x86_64
tuned	0	2.22.1	6.el8_10	noarch
tzdata	0	2025b	1.el8	noarch
tzdata-java	0	2025b	1.el8	noarch
udisks2	0	2.9.0	16.el8	x86_64
unbound-libs	0	1.16.2	5.9.el8_10	x86_64
unixODBC	0	2.3.7	1.el8	x86_64
unzip	0	6.0	48.el8_10	x86_64
urw-base35-bookman-fonts	0	20170801	10.el8	noarch
urw-base35-c059-fonts	0	20170801	10.el8	noarch
urw-base35-d050000l-fonts	0	20170801	10.el8	noarch
urw-base35-fonts	0	20170801	10.el8	noarch
urw-base35-fonts-common	0	20170801	10.el8	noarch
urw-base35-gothic-fonts	0	20170801	10.el8	noarch
urw-base35-nimbus-mono-ps-fonts	0	20170801	10.el8	noarch
urw-base35-nimbus-roman-fonts	0	20170801	10.el8	noarch
urw-base35-nimbus-sans-fonts	0	20170801	10.el8	noarch
urw-base35-p052-fonts	0	20170801	10.el8	noarch
urw-base35-standard-symbols-ps-fonts	0	20170801	10.el8	noarch
urw-base35-z003-fonts	0	20170801	10.el8	noarch
usbutils	0	010	3.el8	x86_64
usermode	0	1.113	2.el8	x86_64
util-linux	0	2.32.1	46.el8	x86_64
util-linux-user	0	2.32.1	46.el8	x86_64
uuid	0	1.6.2	43.el8	x86_64
valgrind	1	3.22.0	3.el8_10	x86_64
valgrind-devel	1	3.22.0	3.el8_10	x86_64
valgrind-docs	1	3.22.0	3.el8_10	x86_64
valgrind-gdb	1	3.22.0	3.el8_10	x86_64
valgrind-scripts	1	3.22.0	3.el8_10	x86_64
vim-common	2	8.0.1763	19.el8_6.4	x86_64
vim-enhanced	2	8.0.1763	19.el8_6.4	x86_64
vim-filesystem	2	8.0.1763	19.el8_6.4	noarch
vim-minimal	2	8.0.1763	19.el8_6.4	x86_64
virt-what	0	1.25	4.el8	x86_64
volume_key-libs	0	0.3.11	6.el8	x86_64
wget	0	1.19.5	12.el8_10	x86_64
which	0	2.21	20.el8	x86_64
xcb-util	0	0.4.0	10.el8	x86_64
xfsprogs	0	5.0.0	12.el8	x86_64
xkeyboard-config	0	2.28	1.el8	noarch
xml-common	0	0.6.3	50.el8	noarch
xmlsec1	0	1.2.25	8.el8_10	x86_64
xmlsec1-openssl	0	1.2.25	8.el8_10	x86_64
xorg-x11-drv-fbdev	0	0.5.0	2.el8	x86_64
xorg-x11-drv-libinput	0	0.29.0	1.el8	x86_64
xorg-x11-drv-vesa	0	2.4.0	3.el8	x86_64
xorg-x11-font-utils	1	7.5	41.el8	x86_64
xorg-x11-fonts-ISO8859-1-100dpi	0	7.5	19.el8	noarch
xorg-x11-fonts-Type1	0	7.5	19.el8	noarch
xorg-x11-fonts-misc	0	7.5	19.el8	noarch
xorg-x11-proto-devel	0	2020.1	3.el8	noarch
xorg-x11-server-Xorg	0	1.20.11	26.el8_10	x86_64
xorg-x11-server-Xvfb	0	1.20.11	27.el8_10	x86_64
xorg-x11-server-common	0	1.20.11	27.el8_10	x86_64
xorg-x11-server-utils	0	7.7	27.el8	x86_64
xorg-x11-xauth	1	1.0.9	12.el8	x86_64
xorg-x11-xbitmaps	0	1.1.1	13.el8	noarch
xorg-x11-xinit	0	1.3.4	18.el8	x86_64
xorg-x11-xkb-utils	0	7.7	28.el8	x86_64
xterm	0	331	2.el8	x86_64
xterm-resize	0	331	2.el8	x86_64
xz	0	5.2.4	4.el8_6	x86_64
xz-devel	0	5.2.4	4.el8_6	x86_64
xz-libs	0	5.2.4	4.el8_6	i686
xz-libs	0	5.2.4	4.el8_6	x86_64
yum	0	4.7.0	21.el8_10	noarch
yum-utils	0	4.0.21	25.el8	noarch
zabbix-agent	0	4.0.19	1.el8	x86_64
zabbix-sender	0	4.0.19	1.el8	x86_64
zip	0	3.0	23.el8	x86_64
zlib	0	1.2.11	25.el8	i686
zlib	0	1.2.11	25.el8	x86_64
zlib-devel	0	1.2.11	25.el8	x86_64
zstd	0	1.4.4	1.el8	x86_64
