seed	parameter	all_scenarios_identical_to_shared_reference
10	alpha	TRUE
340	alpha	TRUE
10	alpha_o2	TRUE
340	alpha_o2	TRUE
10	beta_size	TRUE
340	beta_size	TRUE
10	buffer_beta	TRUE
340	buffer_beta	TRUE
10	buffer_n_exp	TRUE
340	buffer_n_exp	TRUE
10	buffer_smax	TRUE
340	buffer_smax	TRUE
10	eta_o2	TRUE
340	eta_o2	TRUE
10	gamma	TRUE
340	gamma	TRUE
10	gamma_growth	TRUE
340	gamma_growth	TRUE
10	gamma_mu	TRUE
340	gamma_mu	TRUE
10	init_mean_2N	TRUE
340	init_mean_2N	TRUE
10	init_mean_4N	TRUE
340	init_mean_4N	TRUE
10	init_sd_2N	TRUE
340	init_sd_2N	TRUE
10	init_sd_4N	TRUE
340	init_sd_4N	TRUE
10	k_clear	TRUE
340	k_clear	TRUE
10	k_o_mis	TRUE
340	k_o_mis	TRUE
10	kappa_O	TRUE
340	kappa_O	TRUE
10	lam_max	TRUE
340	lam_max	TRUE
10	mu_hp	TRUE
340	mu_hp	TRUE
10	n_O	TRUE
340	n_O	TRUE
10	O2_crit	TRUE
340	O2_crit	TRUE
10	o2_min	TRUE
340	o2_min	TRUE
10	o2_Nref	TRUE
340	o2_Nref	TRUE
10	o2_S0	TRUE
340	o2_S0	TRUE
10	o2_S0_upper_bound	TRUE
340	o2_S0_upper_bound	TRUE
10	p_mis_base	TRUE
340	p_mis_base	TRUE
10	p_misseg	TRUE
340	p_misseg	TRUE
10	p_wgd	TRUE
340	p_wgd	TRUE
10	rho_2N	TRUE
340	rho_2N	TRUE
10	sigma_burden	TRUE
340	sigma_burden	TRUE
10	sigma_growth	TRUE
340	sigma_growth	TRUE
10	sigma_kary	TRUE
340	sigma_kary	TRUE
10	tau_O2	TRUE
340	tau_O2	TRUE
