pair,seed,objective,max_abs_soft_move,sum_abs_soft_move,n_moved_gt1e12,n_moved_gt1e8
fit_joint_tsne_vi_seed138_C03Sc01_vt_seed10,seed122,19.9782357885732,0.48339325186466997,1.5734737705031987,8,8
fit_joint_tsne_vi_seed138_C03Sc01_vt_seed10,seed86,20.0088357367508,0.21722190162358898,0.6072715561121511,4,4
fit_joint_tsne_vi_seed138_C03Sc01_vt_seed10,seed180,20.0092830999986,0.23315564872393013,0.46598839423124205,5,5
fit_joint_tsne_vi_seed138_C03Sc01_vt_seed10,seed354,20.0103420352841,0.28804474752183495,0.6350324267438011,4,4
fit_joint_tsne_vi_seed138_C03Sc01_vt_seed10,seed148,20.0131631688353,0.2919214662743891,0.36833237588074896,3,3
fit_joint_tsne_vi_seed138_C03Sc01_vt_seed10,seed485,20.0143642467265,0.3262172247154973,0.4979424216954021,3,3
fit_joint_tsne_vi_seed138_C03Sc01_vt_seed10,seed268,20.0144739447935,0.2975239227651428,0.3527496211698427,2,2
fit_joint_tsne_vi_seed138_C03Sc01_vt_seed10,seed451,20.0145391109349,0.2911295739262988,0.49574869635679625,4,4
fit_joint_tsne_vi_seed138_C03Sc01_vt_seed10,seed355,20.0190768726709,0.3134248810639254,0.5807782626651944,2,2
fit_joint_tsne_vi_seed138_C03Sc01_vt_seed10,seed187,20.0192429444527,0.3420982558330854,0.5733087680272648,2,2
fit_joint_tsne_vi_seed25_C02Sc01_vt_seed10,seed497,18.9704641759336,0.0,0.0,0,0
fit_joint_tsne_vi_seed25_C02Sc01_vt_seed10,seed389,18.9726945574714,0.049849360241259966,0.049849360241259966,1,1
fit_joint_tsne_vi_seed25_C02Sc01_vt_seed10,seed298,18.9726969603447,0.0,0.0,0,0
fit_joint_tsne_vi_seed25_C02Sc01_vt_seed10,seed26,18.97270458352,0.0,0.0,0,0
fit_joint_tsne_vi_seed25_C02Sc01_vt_seed10,seed98,18.9727620578699,0.0005816454770700141,0.0005816454770700141,1,1
fit_joint_tsne_vi_seed25_C02Sc01_vt_seed10,seed291,18.9727901150504,0.0,0.0,0,0
fit_joint_tsne_vi_seed25_C02Sc01_vt_seed10,seed458,18.9728799471426,0.0,0.0,0,0
fit_joint_tsne_vi_seed25_C02Sc01_vt_seed10,seed285,18.9728882956682,0.0,0.0,0,0
fit_joint_tsne_vi_seed25_C02Sc01_vt_seed10,seed299,18.9729296968644,0.0,0.0,0,0
fit_joint_tsne_vi_seed25_C02Sc01_vt_seed10,seed375,18.9729603576732,0.0,0.0,0,0
fit_joint_tsne_vi_seed290_C01Sc02_vt_seed10,seed155,19.7913140832613,0.5086722804900758,0.6210995733310669,2,2
fit_joint_tsne_vi_seed290_C01Sc02_vt_seed10,seed28,19.7934768653304,0.3860745062141726,0.4223804787528776,2,2
fit_joint_tsne_vi_seed290_C01Sc02_vt_seed10,seed211,19.7935197992047,0.4068331375538184,0.45538257030971435,2,2
fit_joint_tsne_vi_seed290_C01Sc02_vt_seed10,seed176,19.7960448842897,0.4404547031907653,0.5101117170252303,2,2
fit_joint_tsne_vi_seed290_C01Sc02_vt_seed10,seed307,19.7980259039285,0.4576693368628137,0.6343434861692058,4,4
fit_joint_tsne_vi_seed290_C01Sc02_vt_seed10,seed241,19.7999952901528,0.317083788161443,0.317083788161443,1,1
fit_joint_tsne_vi_seed290_C01Sc02_vt_seed10,seed303,19.8003359414134,0.4397222741814592,0.5000609016609951,2,2
fit_joint_tsne_vi_seed290_C01Sc02_vt_seed10,seed130,19.8025203483391,0.4130909656369406,0.4309777709681796,2,2
fit_joint_tsne_vi_seed290_C01Sc02_vt_seed10,seed405,19.8026222250612,0.4047393745177045,0.47266450736050847,2,2
fit_joint_tsne_vi_seed290_C01Sc02_vt_seed10,seed357,19.8055233823592,0.46647010020308227,0.5931156333207843,2,2
fit_joint_tsne_vi_seed311_C03Sc02_vt_seed10,seed18,19.4144872936097,0.3548315496011866,0.5243734769575965,3,3
fit_joint_tsne_vi_seed311_C03Sc02_vt_seed10,seed402,19.4244061752049,0.35136321973822754,0.35136321973822754,1,1
fit_joint_tsne_vi_seed311_C03Sc02_vt_seed10,seed255,19.4244829936728,0.38232077199488473,0.39779956850914766,3,3
fit_joint_tsne_vi_seed311_C03Sc02_vt_seed10,seed43,19.4258497359334,0.3661114101369251,0.3661114101369251,1,1
fit_joint_tsne_vi_seed311_C03Sc02_vt_seed10,seed34,19.4263535185484,0.3582400204893047,0.3582400204893047,1,1
fit_joint_tsne_vi_seed311_C03Sc02_vt_seed10,seed155,19.4265068306356,0.3859809873726553,0.3859809873726553,1,1
fit_joint_tsne_vi_seed311_C03Sc02_vt_seed10,seed264,19.4271697311804,0.3989159246452268,0.3989159246452268,1,1
fit_joint_tsne_vi_seed311_C03Sc02_vt_seed10,seed432,19.4332192627959,0.290206197800434,0.290206197800434,1,1
fit_joint_tsne_vi_seed311_C03Sc02_vt_seed10,seed200,19.4337948735589,0.28690195903513804,0.28690195903513804,1,1
fit_joint_tsne_vi_seed311_C03Sc02_vt_seed10,seed249,19.4342101786089,0.28446279614095205,0.28446279614095205,1,1
fit_joint_tsne_vi_seed322_C02Sc02_vt_seed10,seed54,18.8900595387654,0.47860956441067576,0.8760170394244262,2,2
fit_joint_tsne_vi_seed322_C02Sc02_vt_seed10,seed52,18.8981309639056,0.5433980317498948,0.5433980317498948,1,1
fit_joint_tsne_vi_seed322_C02Sc02_vt_seed10,seed80,18.9116797792825,0.42733668997736807,0.5847779262157813,5,4
fit_joint_tsne_vi_seed322_C02Sc02_vt_seed10,seed174,18.9119696550321,0.39803460524613304,0.39803460524613304,1,1
fit_joint_tsne_vi_seed322_C02Sc02_vt_seed10,seed336,18.9136730191388,0.389353565185921,0.389353565185921,1,1
fit_joint_tsne_vi_seed322_C02Sc02_vt_seed10,seed132,18.9139107099569,0.38815575700904104,0.38815575700904104,1,1
fit_joint_tsne_vi_seed322_C02Sc02_vt_seed10,seed433,18.9139863793036,0.38769301561516506,0.38769301561516506,1,1
fit_joint_tsne_vi_seed322_C02Sc02_vt_seed10,seed211,18.9163946218076,0.375598036016609,0.375598036016609,1,1
fit_joint_tsne_vi_seed322_C02Sc02_vt_seed10,seed438,18.9198583280572,0.35917726451824605,0.385304896015946,2,2
fit_joint_tsne_vi_seed322_C02Sc02_vt_seed10,seed295,18.9255722200102,0.33020795123452706,0.33020795123452706,1,1
fit_joint_tsne_vi_seed366_C01Sc01_vt_seed10,seed472,18.8522859133708,0.2748151231296178,0.5348974755053071,2,2
fit_joint_tsne_vi_seed366_C01Sc01_vt_seed10,seed386,18.8581768528694,0.23476305964388683,0.23476305964388683,1,1
fit_joint_tsne_vi_seed366_C01Sc01_vt_seed10,seed494,18.8584608366853,0.2532293954861831,0.2567529746251428,2,2
fit_joint_tsne_vi_seed366_C01Sc01_vt_seed10,seed71,18.8597059816659,0.5543622538487201,0.7927267372466679,3,3
fit_joint_tsne_vi_seed366_C01Sc01_vt_seed10,seed178,18.8603905272211,0.19176582622028382,0.19176582622028382,1,1
fit_joint_tsne_vi_seed366_C01Sc01_vt_seed10,seed251,18.8607948153975,0.20696157064608092,0.20696157064608092,1,1
fit_joint_tsne_vi_seed366_C01Sc01_vt_seed10,seed53,18.8639915998995,0.1696285181294898,0.1710603279252231,2,2
fit_joint_tsne_vi_seed366_C01Sc01_vt_seed10,seed140,18.8644000810947,0.17623490997698102,0.17623490997698102,1,1
fit_joint_tsne_vi_seed366_C01Sc01_vt_seed10,seed276,18.8653472648041,0.16923911964566593,0.17411492902909192,2,2
fit_joint_tsne_vi_seed366_C01Sc01_vt_seed10,seed279,18.8666264262352,0.16064085328569094,0.16135532815713524,2,2
