path	md5
/Users/4482173/Documents/GitHub/soft_coupling/oxygen/code/O2_supply_demand_MAP/util/o2_supply_demand_map_shared.R	a12182b6de064961d384c7474988c57c
/Users/4482173/Documents/GitHub/soft_coupling/oxygen/code/O2_supply_demand_MAP/util/o2_supply_demand_map_common_semantics.R	d878f9c840f05356fc13cb22facde96a
/Users/4482173/Documents/GitHub/soft_coupling/oxygen/code/O2_supply_demand_MAP/model/model_O2_supply_demand_MAP.R	231419cf66c4b5a2e058d08b5a24bb21
/Users/4482173/Documents/GitHub/soft_coupling/oxygen/code/O2_supply_demand_MAP/util/o2_supply_demand_map_invitro_utils.R	83d097f580399020e447c5f3121b6e3f
/Users/4482173/Documents/GitHub/soft_coupling/oxygen/code/O2_supply_demand_MAP/util/o2_supply_demand_map_invitro_lineage_utils.R	6e1e66f2083963f4d0c49171391e4e1f
/Users/4482173/Documents/GitHub/soft_coupling/oxygen/code/O2_supply_demand_MAP/util/o2_supply_demand_map_invitro_lineage_simulation_utils.R	6b491c99434faa73f58dc259c470ada7
/Users/4482173/Documents/GitHub/soft_coupling/oxygen/code/O2_supply_demand_MAP/util/o2_supply_demand_map_invitro_objective_utils.R	d877f1c0e679360908f7ac1c282f32ca
/Users/4482173/Documents/GitHub/soft_coupling/oxygen/code/O2_supply_demand_MAP/util/o2_supply_demand_map_invitro_summary_utils.R	46a54f9857198c0d7ade4128a798ae56
/Users/4482173/Documents/GitHub/soft_coupling/oxygen/data/O2_supply_demand/parameter_table_invitro_buffering.csv	c84dcb2a77c090bbef81e91dc471ec3f
/Users/4482173/Documents/GitHub/soft_coupling/oxygen/data/g0g1_ploidy_density_grid.csv	bb2e5f491a4f2ebe399121cf9281b0ac
/Users/4482173/Documents/GitHub/soft_coupling/oxygen/results/fit_invitro_O2_buffering_500seed/seed10/best_params.tsv	8cac1232ac0f45dc172f140fa26877d7
/Users/4482173/Documents/GitHub/soft_coupling/oxygen/results/fit_invitro_O2_buffering_500seed/seed340/best_params.tsv	7b758c8a70d09482e627eb9b6101427c
