file	line	command	call_style
oxygen/code/O2_supply_demand_MAP/analysis/best_fit_parameter_feature/02_parameter_landscape_clustering/deprecated_forward.R	4	file.path(R.home("bin"), "Rscript")	system2
oxygen/code/O2_supply_demand_MAP/analysis/best_fit_parameter_feature/02_parameter_landscape_clustering/deprecated_forward.R	143	file.path(R.home("bin"), "Rscript")	system2
oxygen/code/O2_supply_demand_MAP/analysis/best_fit_parameter_feature/03_dense-grid_monotonicity_classification/deprecated_forward.R	40	file.path(R.home("bin"), "Rscript")	system2
oxygen/code/O2_supply_demand_MAP/analysis/best_fit_parameter_feature/03_dense-grid_monotonicity_classification/deprecated_forward.R	49	file.path(R.home("bin"), "Rscript")	system2
oxygen/code/O2_supply_demand_MAP/analysis/best_fit_parameter_feature/03_dense-grid_monotonicity_classification/deprecated_forward.R	50	file.path(R.home("bin"), "Rscript")	system2
oxygen/code/O2_supply_demand_MAP/analysis/best_fit_parameter_feature/03_dense-grid_monotonicity_classification/deprecated_forward.R	86	file.path(R.home("bin"), "Rscript")	system2
oxygen/code/O2_supply_demand_MAP/analysis/best_fit_parameter_feature/04_combine_parameter_landscape/deprecated_forward.R	12	file.path(R.home("bin"), "Rscript")	system2
oxygen/code/O2_supply_demand_MAP/analysis/best_fit_parameter_feature/04_combine_parameter_landscape/deprecated_forward.R	78	file.path(R.home("bin"), "Rscript")	system2
oxygen/code/O2_supply_demand_MAP/analysis/best_fit_parameter_feature/06_combine_FixO2_eigen_attractor/plot_fixo2_eigen_attractor_embedding_curve_class.R	44	Rscript	system2
oxygen/code/O2_supply_demand_MAP/analysis/best_fit_parameter_feature/06_combine_FixO2_eigen_attractor/plot_fixo2_eigen_attractor_embedding_curve_class.R	63	Rscript	system2
oxygen/code/O2_supply_demand_MAP/analysis/best_fit_parameter_feature/runner.R	1	file.path(R.home("bin"), "Rscript")	system2
oxygen/code/O2_supply_demand_MAP/analysis/best_fit_parameter_feature/runner.R	5	file.path(R.home("bin"), "Rscript")	system2
oxygen/code/O2_supply_demand_MAP/analysis/best_fit_parameter_feature/runner.R	129	file.path(R.home("bin"), "Rscript")	system2
oxygen/code/O2_supply_demand_MAP/analysis/parameter_landscape_clustering/clustering_report.R	1	file.path(R.home("bin"), "Rscript")	system2
oxygen/code/O2_supply_demand_MAP/analysis/parameter_landscape_clustering/clustering_report.R	2	file.path(R.home("bin"), "Rscript")	system2
oxygen/code/O2_supply_demand_MAP/analysis/parameter_landscape_clustering/clustering_report.R	4	file.path(R.home("bin"), "Rscript")	system2
oxygen/code/O2_supply_demand_MAP/analysis/parameter_landscape_clustering/clustering_report.R	7	file.path(R.home("bin"), "Rscript")	system2
oxygen/code/O2_supply_demand_MAP/analysis/parameter_landscape_clustering/dominant_ploidy_parameter_contribution_report.R	1	file.path(R.home("bin"), "Rscript")	system2
oxygen/code/O2_supply_demand_MAP/analysis/parameter_landscape_clustering/dominant_ploidy_parameter_contribution_report.R	2	file.path(R.home("bin"), "Rscript")	system2
oxygen/code/O2_supply_demand_MAP/analysis/parameter_landscape_clustering/dominant_ploidy_parameter_contribution_report.R	4	file.path(R.home("bin"), "Rscript")	system2
oxygen/code/O2_supply_demand_MAP/analysis/parameter_landscape_clustering/dominant_ploidy_parameter_contribution_report.R	7	file.path(R.home("bin"), "Rscript")	system2
oxygen/code/O2_supply_demand_MAP/analysis/parameter_landscape_clustering/mode_parameter_contribution_report.R	1	file.path(R.home("bin"), "Rscript")	system2
oxygen/code/O2_supply_demand_MAP/analysis/parameter_landscape_clustering/mode_parameter_contribution_report.R	2	file.path(R.home("bin"), "Rscript")	system2
oxygen/code/O2_supply_demand_MAP/analysis/parameter_landscape_clustering/mode_parameter_contribution_report.R	4	file.path(R.home("bin"), "Rscript")	system2
oxygen/code/O2_supply_demand_MAP/analysis/parameter_landscape_clustering/mode_parameter_contribution_report.R	7	file.path(R.home("bin"), "Rscript")	system2
oxygen/code/O2_supply_demand_MAP/analysis/profile_likelihood/estimate_live_effective_pms.R	21	file.path(R.home("bin"), "Rscript")	system2
oxygen/code/O2_supply_demand_MAP/analysis/profile_likelihood/estimate_live_effective_pms.R	59	file.path(R.home("bin"), "Rscript")	system2
oxygen/code/O2_supply_demand_MAP/optimizer/auto_calibrate_boundary_params.R	59	Rscript	system2
oxygen/code/O2_supply_demand_MAP/optimizer/auto_calibrate_boundary_params.R	65	Rscript	system2
oxygen/code/O2_supply_demand_MAP/optimizer/auto_calibrate_boundary_params.R	317	Rscript	system2
oxygen/code/O2_supply_demand_MAP/optimizer/auto_calibrate_boundary_params.R	334	Rscript	system2
oxygen/code/O2_supply_demand_MAP/optimizer/profile_likelihood_O2_supply_demand_MAP.R	3	Rscript	system2
oxygen/code/O2_supply_demand_MAP/optimizer/profile_likelihood_O2_supply_demand_MAP.R	545	Rscript	system2
oxygen/code/O2_supply_demand_MAP/report/fixed_o2/fixed_o2_report_utils.R	64	rscript	system2
oxygen/code/O2_supply_demand_MAP/report/fixed_o2/fixed_o2_report_utils.R	134	rscript	system2
oxygen/code/O2_supply_demand_MAP/report/render_fixo2_invivo_report.R	23	magick	system2
oxygen/code/O2_supply_demand_MAP/report/render_fixo2_invivo_report.R	25	pdftoppm	system2
oxygen/code/O2_supply_demand_MAP/report/render_fixo2_invivo_report.R	56	b64	system2
oxygen/code/O2_supply_demand_MAP/report/render_fixo2_invivo_report.R	137	b64	system2
oxygen/code/O2_supply_demand_MAP/report/render_fixo2_invivo_report.R	172	pdftoppm	system2
oxygen/code/O2_supply_demand_MAP/report/render_fixo2_invivo_report.R	185	magick	system2
oxygen/code/O2_supply_demand_MAP/report/render_invitro_fit_report.R	42	base64_bin	system2
oxygen/code/O2_supply_demand_MAP/report/render_invitro_fit_report.R	208	base64_bin	system2
oxygen/code/O2_supply_demand_MAP/runner/best_fit_parameter_feature/runner.R	63	file.path(R.home("bin"), "Rscript")	system2
oxygen/code/O2_supply_demand_MAP/runner/best_fit_parameter_feature/runner.R	161	file.path(R.home("bin"), "Rscript")	system2
oxygen/code/O2_supply_demand_MAP/runner/combined_fixo2_eigen/run_fixo2_eigen_curve_class_pipeline.R	19	Rscript	system2
oxygen/code/O2_supply_demand_MAP/runner/combined_fixo2_eigen/run_fixo2_eigen_curve_class_pipeline.R	77	Rscript	system2
oxygen/code/O2_supply_demand_MAP/runner/combined_parameter_landscape/run_combined_parameter_landscape.R	10	file.path(R.home("bin"), "Rscript")	system2
oxygen/code/O2_supply_demand_MAP/runner/combined_parameter_landscape/run_combined_parameter_landscape.R	64	file.path(R.home("bin"), "Rscript")	system2
oxygen/code/O2_supply_demand_MAP/runner/dense_grid_monotonicity/run_dense_grid_monotonicity.R	14	file.path(R.home("bin"), "Rscript")	system2
oxygen/code/O2_supply_demand_MAP/runner/dense_grid_monotonicity/run_dense_grid_monotonicity.R	70	file.path(R.home("bin"), "Rscript")	system2
oxygen/code/O2_supply_demand_MAP/runner/joint_coupling/run_joint_coupling_pipeline.R	13	Rscript	system2
oxygen/code/O2_supply_demand_MAP/runner/joint_coupling/run_joint_coupling_pipeline.R	61	Rscript	system2
oxygen/code/O2_supply_demand_MAP/runner/multi_warmup/run_multi_warmup_results_pipeline.R	62	rscript	system2
oxygen/code/O2_supply_demand_MAP/runner/multi_warmup/run_multi_warmup_results_pipeline.R	98	rscript	system2
oxygen/code/O2_supply_demand_MAP/runner/parameter_landscape/run_parameter_landscape.R	27	file.path(R.home("bin"), "Rscript")	system2
oxygen/code/O2_supply_demand_MAP/runner/parameter_landscape/run_parameter_landscape.R	80	file.path(R.home("bin"), "Rscript")	system2
oxygen/code/O2_supply_demand_MAP/runner/profile_likelihood/run_live_effective_pms_comparison.R	38	file.path(R.home("bin"), "Rscript")	system2
oxygen/code/O2_supply_demand_MAP/runner/profile_likelihood/run_live_effective_pms_comparison.R	46	file.path(R.home("bin"), "Rscript")	system2
oxygen/code/O2_supply_demand_MAP/runner/run_postfit_pipeline.R	47	Rscript	system2
oxygen/code/O2_supply_demand_MAP/runner/run_postfit_pipeline.R	51	Rscript	system2
oxygen/code/O2_supply_demand_MAP/simulation/o2/fixed_o2/fixed_o2_numerical_producers.R	62	cmd	system
oxygen/code/O2_supply_demand_MAP/simulation/o2/fixed_o2/fixed_o2_numerical_producers.R	141	rscript	system2
oxygen/code/O2_supply_demand_MAP/simulation/o2/fixed_o2/fixed_o2_numerical_producers.R	646	rscript	system2
oxygen/code/O2_supply_demand_MAP/simulation/o2/fixed_o2/fixed_o2_numerical_producers.R	1326	cmd	system
oxygen/code/O2_supply_demand_MAP/simulation/o2/fixed_o2/run_fixed_o2_simulation.R	65	file.path(R.home("bin"), "Rscript")	system2
oxygen/code/O2_supply_demand_MAP/simulation/o2/fixed_o2/run_fixed_o2_simulation.R	365	file.path(R.home("bin"), "Rscript")	system2
oxygen/code/O2_supply_demand_MAP/simulation/process_fingerprints/ploidy_regime_simulation_utils.R	45	git	system2
oxygen/code/O2_supply_demand_MAP/simulation/process_fingerprints/ploidy_regime_simulation_utils.R	53	git	system2
oxygen/code/O2_supply_demand_MAP/util/o2_supply_demand_map_fit_invitro_backend.R	76	Rscript	system2
oxygen/code/O2_supply_demand_MAP/util/o2_supply_demand_map_fit_invitro_backend.R	211	Rscript	system2
oxygen/code/O2_supply_demand_MAP/util/o2_supply_demand_map_fit_invivo_backend.R	21	git	system2
oxygen/code/O2_supply_demand_MAP/util/o2_supply_demand_map_fit_invivo_backend.R	37	git	system2
oxygen/code/O2_supply_demand_MAP/util/o2_supply_demand_map_fit_invivo_backend.R	79	shell_cmd	system
oxygen/code/O2_supply_demand_MAP/util/o2_supply_demand_map_fit_invivo_backend.R	4221	shell_cmd	system
oxygen/code/O2_supply_demand_MAP/util/o2_supply_demand_map_fit_invivo_backend.R	4265	git	system2
oxygen/code/O2_supply_demand_MAP/util/o2_supply_demand_map_fit_invivo_backend.R	4273	git	system2
oxygen/code/O2_supply_demand_MAP/util/o2_supply_demand_map_fit_results_utils.R	57	file.path(R.home("bin"), "Rscript")	system2
oxygen/code/O2_supply_demand_MAP/util/o2_supply_demand_map_fit_results_utils.R	67	file.path(R.home("bin"), "Rscript")	system2
oxygen/code/O2_supply_demand_MAP/util/o2_supply_demand_map_parameter_landscape_io_utils.R	31	shasum	system2
oxygen/code/O2_supply_demand_MAP/util/o2_supply_demand_map_parameter_landscape_io_utils.R	240	shasum	system2
oxygen/code/O2_supply_demand_MAP/util/o2_supply_demand_map_report_utils.R	23	base64_bin	system2
oxygen/code/O2_supply_demand_MAP/util/o2_supply_demand_map_report_utils.R	27	base64_bin	system2
oxygen/code/O2_supply_demand_MAP/util/o2_supply_demand_map_report_utils.R	29	git_bin	system2
oxygen/code/O2_supply_demand_MAP/util/o2_supply_demand_map_report_utils.R	85	gs_bin	system2
oxygen/code/O2_supply_demand_MAP/util/o2_supply_demand_map_report_utils.R	126	git_bin	system2
oxygen/code/O2_supply_demand_MAP/util/o2_supply_demand_map_report_utils.R	187	gs_bin	system2
oxygen/code/O2_supply_demand_MAP/util/o2_supply_demand_map_report_utils.R	224	base64_bin	system2
oxygen/code/O2_supply_demand_MAP/util/o2_supply_demand_map_report_utils.R	229	base64_bin	system2
oxygen/tests/check_immutable_o2_core.R	12	shasum	system2
oxygen/tests/check_immutable_o2_core.R	31	shasum	system2
oxygen/tests/run_o2_reorganization_regression.R	44	command	system2
oxygen/tests/run_o2_reorganization_regression.R	53	command	system2
oxygen/tests/testthat/test-code-file-registry.R	14	file.path(R.home("bin"), "Rscript")	system2
oxygen/tests/testthat/test-code-file-registry.R	91	file.path(R.home("bin"), "Rscript")	system2
oxygen/tests/testthat/test-combined-fixo2-eigen-stage-split.R	88	rscript	system2
oxygen/tests/testthat/test-combined-fixo2-eigen-stage-split.R	102	rscript	system2
oxygen/tests/testthat/test-dense-combined-stage34-boundaries.R	75	file.path(R.home("bin"), "Rscript")	system2
oxygen/tests/testthat/test-dense-combined-stage34-boundaries.R	98	file.path(R.home("bin"), "Rscript")	system2
oxygen/tests/testthat/test-fit-results-stage-split.R	23	rscript	system2
oxygen/tests/testthat/test-fit-results-stage-split.R	30	python3	system2
oxygen/tests/testthat/test-fit-results-stage-split.R	45	python3	system2
oxygen/tests/testthat/test-fit-results-stage-split.R	91	rscript	system2
oxygen/tests/testthat/test-fit-results-stage-split.R	147	rscript	system2
oxygen/tests/testthat/test-fit-results-stage-split.R	198	rscript	system2
oxygen/tests/testthat/test-fixed-o2-stage34-boundaries.R	23	rscript	system2
oxygen/tests/testthat/test-fixed-o2-stage34-boundaries.R	170	rscript	system2
oxygen/tests/testthat/test-fixed-o2-stage34-boundaries.R	201	rscript	system2
oxygen/tests/testthat/test-invitro-utils-migration.R	80	file.path(R.home("bin"), "Rscript")	system2
oxygen/tests/testthat/test-invitro-utils-migration.R	240	file.path(R.home("bin"), "Rscript")	system2
oxygen/tests/testthat/test-joint-coupling-report.R	56	Sys.which("Rscript")	system2
oxygen/tests/testthat/test-joint-coupling-report.R	56	Sys.which("git")	system2
oxygen/tests/testthat/test-joint-coupling-report.R	86	Sys.which("Rscript")	system2
oxygen/tests/testthat/test-joint-coupling-report.R	86	Sys.which("git")	system2
oxygen/tests/testthat/test-joint-fixed-o2-ploidy-classification.R	18	Sys.which("Rscript")	system2
oxygen/tests/testthat/test-joint-fixed-o2-ploidy-classification.R	99	Sys.which("Rscript")	system2
oxygen/tests/testthat/test-parameter-landscape-stage3-boundaries.R	32	file.path(R.home("bin"), "Rscript")	system2
oxygen/tests/testthat/test-parameter-landscape-stage3-boundaries.R	94	file.path(R.home("bin"), "Rscript")	system2
oxygen/tests/testthat/test-perturbation-stage-split.R	27	rscript	system2
oxygen/tests/testthat/test-perturbation-stage-split.R	79	rscript	system2
oxygen/tests/testthat/test-process-fingerprint-stage-split.R	23	rscript	system2
oxygen/tests/testthat/test-process-fingerprint-stage-split.R	214	rscript	system2
oxygen/tests/testthat/test-stage5-util-consolidation.R	27	bash	system2
oxygen/tests/testthat/test-stage5-util-consolidation.R	84	file.path(R.home("bin"), "Rscript")	system2
oxygen/tests/testthat/test-stage5-util-consolidation.R	92	bash	system2
oxygen/tests/testthat/test-stage5-util-consolidation.R	211	file.path(R.home("bin"), "Rscript")	system2
oxygen/tests/testthat/test-stage5-util-consolidation.R	666	bash	system2
oxygen/tests/testthat/test-stage5-util-consolidation.R	740	bash	system2
