segment_id	parent_segment_id	cohort	lineage_id	lineage_group	lineage_label	scenario_id	lineage_terminal_key	passage_index	lineage_passage_index	oxygen_pct	duration_days	passage_duration	endpoint_day	initial_cells	final_cells	selected_day	closest_day_diagnostic	closest_live_cells_diagnostic	target_live_cells	passage_id	predicted_initial_cells	predicted_final_cells	observed_initial_cells	observed_final_cells	predicted_live_cells	passage_recorded	reseed_mode	available_cells	required_cells	supply_ratio	boundary_scale	cell_number_before	cell_number_after	predicted_growth	predicted_growth_rate	predicted_mean_kary_N	observed_growth	observed_mean_kary_N	observed_n_kary	observed_n_flow	cumulative_time	loglik
2N-C-A1	NA	2N	C	control	C	2N-C	2N-C-A12	1	1	20.5	3	3	3	614919	7782898	3	3	4438059.74755425	7782898	SUM-159_NLS_2N_C_A1_seed	614919	4438059.74755425	614919	7782898	4438059.74755425	TRUE	downsample_to_observed_inoculum	4438059.74755425	401065	11.0656869773085	0.0903694458419631	4438059.74755425	401065	0.658827338102431	0.658827338102431	46.0750619775111	0.846064496523974	NA	0	200	3	-0.208681256437664
2N-C-A2	2N-C-A1	2N	C	control	C	2N-C	2N-C-A12	2	2	20.5	2	2	2	401065	4009244	2	2	1498208.56738004	4009244	SUM-159_NLS_2N_C_A2_seed	401065	1498208.56738004	401065	4009244	1498208.56738004	TRUE	downsample_to_observed_inoculum	1498208.56738004	749542	1.99883204327448	0.500292159796379	1498208.56738004	749542	0.65895093800627	0.65895093800627	46.1553569272107	1.15111723245741	NA	0	0	5	-0.718128459740576
2N-C-A3	2N-C-A2	2N	C	control	C	2N-C	2N-C-A12	3	3	20.5	1	1	1	749542	6146386	1	1	1448804.90026861	6146386	SUM-159_NLS_2N_C_A3_seed	749542	1448804.90026861	749542	6146386	1448804.90026861	TRUE	downsample_to_observed_inoculum	1448804.90026861	398961	3.63144492887428	0.2753724810884	1448804.90026861	398961	0.659031935527361	0.659031935527361	46.1987208120178	2.10415719246389	NA	0	0	6	-5.25798043744315
2N-C-A4	2N-C-A3	2N	C	control	C	2N-C	2N-C-A12	4	4	20.5	3	3	3	398961	5884151	3	3	2882222.54428411	5884151	SUM-159_NLS_2N_C_A4_seed	398961	2882222.54428411	398961	5884151	2882222.54428411	TRUE	downsample_to_observed_inoculum	2882222.54428411	807037	3.57136357352155	0.280005095928653	2882222.54428411	807037	0.659151108174455	0.659151108174455	46.3431151050275	0.897051358818264	NA	0	0	9	-0.261646811068932
2N-C-A5	2N-C-A4	2N	C	control	C	2N-C	2N-C-A12	5	5	20.5	2	2	2	807037	7320131	2	2	3016945.73749936	7320131	SUM-159_NLS_2N_C_A5_seed	807037	3016945.73749936	807037	7320131	3016945.73749936	TRUE	downsample_to_observed_inoculum	3016945.73749936	352684	8.55424611691872	0.116901008730879	3016945.73749936	352684	0.659315368686839	0.659315368686839	46.4526173230011	1.10250699346418	NA	0	0	11	-0.605480883314138
2N-C-A6	2N-C-A5	2N	C	control	C	2N-C	2N-C-A12	6	6	20.5	3	3	3	352684	4501460	3	3	2550596.42776306	4501460	SUM-159_NLS_2N_C_A6_seed	352684	2550596.42776306	352684	4501460	2550596.42776306	TRUE	downsample_to_observed_inoculum	2550596.42776306	692047	3.68558266673081	0.27132751871959	2550596.42776306	692047	0.659503344054468	0.659503344054468	46.6396718297158	0.848861531900473	NA	0	0	14	-0.21064549463322
2N-C-A7	2N-C-A6	2N	C	control	C	2N-C	2N-C-A12	7	7	20.5	2	2	2	692047	6053832	2	2	2589140.52083249	6053832	SUM-159_NLS_2N_C_A7_seed	692047	2589140.52083249	692047	6053832	2589140.52083249	TRUE	downsample_to_observed_inoculum	2589140.52083249	1127468	2.29642040468775	0.435460335554705	2589140.52083249	1127468	0.659713690997965	0.659713690997965	46.7815023754171	1.08439643328122	NA	0	0	16	-0.565979748793531
2N-C-A8	2N-C-A7	2N	C	control	C	2N-C	2N-C-A12	8	8	20.5	3	3	3	1127468	10859596	3	3	8164800.678423	10859596	SUM-159_NLS_2N_C_A8_seed	1127468	8164800.678423	1127468	10859596	8164800.678423	TRUE	downsample_to_observed_inoculum	8164800.678423	839992	9.72009337996433	0.102879670072025	8164800.678423	839991.999999999	0.659952634600515	0.659952634600515	47.0236339431432	0.755024900819988	NA	0	0	19	-0.144698432247343
2N-C-A9	2N-C-A8	2N	C	control	C	2N-C	2N-C-A12	9	9	20.5	2	2	2	839992	7082437	2	2	3145850.05380461	7082437	SUM-159_NLS_2N_C_A9_seed	839991.999999999	3145850.05380461	839992	7082437	3145850.05380461	TRUE	downsample_to_observed_inoculum	3145850.05380461	797221	3.9460200544198	0.253419898076781	3145850.05380461	797221	0.660223526004629	0.660223526004629	47.207044892586	1.06599048425925	NA	0	0	21	-0.527351040223911
2N-C-A10	2N-C-A9	2N	C	control	C	2N-C	2N-C-A12	10	10	20.5	3	3	3	797221	10161940	3	3	5783268.24157838	10161940	SUM-159_NLS_2N_C_A10_seed	797221	5783268.24157838	797221	10161940	5783268.24157838	TRUE	downsample_to_observed_inoculum	5783268.24157838	372317	15.5331833936629	0.0643783038322958	5783268.24157838	372317	0.660530770465227	0.660530770465227	47.519697817057	0.848424239199109	NA	0	0	24	-0.209286686888896
2N-C-A11	2N-C-A10	2N	C	control	C	2N-C	2N-C-A12	11	11	20.5	2	2	2	372317	4017658	2	2	1396186.31781234	4017658	SUM-159_NLS_2N_C_A11_seed	372317	1396186.31781234	372317	4017658	1396186.31781234	TRUE	downsample_to_observed_inoculum	1396186.31781234	441031	3.16573283468133	0.315882625673515	1396186.31781234	441031	0.660877048980784	0.660877048980784	47.7560780981766	1.18935439142098	NA	0	0	26	-0.809263507451838
2N-C-A12	2N-C-A11	2N	C	control	C	2N-C	2N-C-A12	12	12	20.5	3	3	3	441031	6546749	3	3	3206466.03449135	6546749	SUM-159_NLS_2N_C_A12_seed	441031	3206466.03449135	441031	6546749	3206466.03449135	TRUE	terminal_no_reseed	3206466.03449135	NA	NA	1	3206466.03449135	3206466.03449135	0.661269839355644	0.661269839355644	48.1580280560423	0.899202900591717	NA	0	200	29	-0.261685203129494
2N-O1-A1	NA	2N	O1	deprived	O1	2N-O1	2N-O1-A23	1	1	2	3	3	3	763799	6742373	3	3	5512530.55158246	6742373	SUM-159_NLS_2N_O1_A1_seed	763799	5512530.55158246	763799	6742373	5512530.55158246	TRUE	downsample_to_observed_inoculum	5512530.55158246	404570	13.6256532901166	0.0733909764697561	5512530.55158246	404570	0.658824798809874	0.658824798809874	46.0750602182744	0.725954184515258	NA	0	0	3	-0.133552947648732
2N-O1-A2	2N-O1-A1	2N	O1	deprived	O1	2N-O1	2N-O1-A23	2	2	1	5	5	5	404570	6311159	5	4	5646561.8786549	6311159	SUM-159_NLS_2N_O1_A2_seed	404570	10915477.8287671	404570	6311159	10915477.8287671	TRUE	downsample_to_observed_inoculum	10915477.8287671	396157	27.553413996893	0.0362931432058751	10915477.8287671	396157	0.659022454120974	0.659022454120974	46.2924525853668	0.559363522840898	NA	0	0	8	-0.146894800062798
2N-O1-A3	2N-O1-A2	2N	O1	deprived	O1	2N-O1	2N-O1-A23	3	3	0.5	5	5	5	396157	7094357	5	4	5535118.14025136	7094357	SUM-159_NLS_2N_O1_A3_seed	396157	10703363.3813644	396157	7094357	10703363.3813644	TRUE	downsample_to_observed_inoculum	10703363.3813644	546906	19.5707550865495	0.0510966488302374	10703363.3813644	546906	0.659300541686909	0.659300541686909	46.5739298931092	0.564954728131389	NA	0	0	13	-0.144360054916913
2N-O1-A4	2N-O1-A3	2N	O1	deprived	O1	2N-O1	2N-O1-A23	4	4	0.3	5	5	5	546906	7027045	5	4	7650034.84756415	7027045	SUM-159_NLS_2N_O1_A4_seed	546906	14797941.1925586	546906	7027045	14797941.1925586	TRUE	downsample_to_observed_inoculum	14797941.1925586	733415	20.1767637593431	0.049561962063264	14797941.1925586	733415	0.659593280049042	0.659593280049042	46.9380919638636	0.496979906893512	NA	0	0	18	-0.187497164000881
2N-O1-A5	2N-O1-A4	2N	O1	deprived	O1	2N-O1	2N-O1-A23	5	5	0.2	5	5	5	733415	11809671	5	4	10269348.8619488	11809671	SUM-159_NLS_2N_O1_A5_seed	733415	19870963.424831	733415	11809671	19870963.424831	TRUE	downsample_to_observed_inoculum	19870963.424831	480997	41.3120319353988	0.0242060231160679	19870963.424831	480997	0.659860622531883	0.659860622531883	47.4077613619799	0.541080883402784	NA	0	0	23	-0.157165694628063
2N-O1-A6	2N-O1-A5	2N	O1	deprived	O1	2N-O1	2N-O1-A23	6	6	0.1	5	5	5	480997	8016385	5	4	6708899.06138548	8016385	SUM-159_NLS_2N_O1_A6_seed	480997	12970001.3010301	480997	8016385	12970001.3010301	TRUE	downsample_to_observed_inoculum	12970001.3010301	365305	35.504581927513	0.0281653788246718	12970001.3010301	365305	0.658906668908227	0.658906668908227	48.0042843463853	0.550021801500845	NA	0	200	28	-0.151626097303158
2N-O1-A7	2N-O1-A6	2N	O1	deprived	O1	2N-O1	2N-O1-A23	7	7	0	5	5	5	365305	6872790	5	1	320187.806659049	6872790	SUM-159_NLS_2N_O1_A7_seed	365305	193460.791608804	365305	6872790	193460.791608804	TRUE	carry_forward_insufficient	193460.791608804	273453	0.707473648520235	1	193460.791608804	193460.791608804	-0.127131551298868	-0.127131551298868	50.8979904012728	0.563777709266853	48.4210526315789	19	0	33	-1.29632668931519
2N-O1-A8	2N-O1-A7	2N	O1	deprived	O1	2N-O1	2N-O1-A23	8	8	0	4	4	4	273453	4268740	4	1	171893.281371941	4268740	SUM-159_NLS_2N_O1_A8_seed	193460.791608804	123777.061030624	273453	4268740	123777.061030624	TRUE	carry_forward_insufficient	123777.061030624	433335	0.28563827300039	1	123777.061030624	123777.061030624	-0.111648203013903	-0.111648203013903	55.155526173741	0.664335909437413	NA	0	0	37	-1.6032092841797
2N-O1-A9	2N-O1-A8	2N	O1	deprived	O1	2N-O1	2N-O1-A23	9	9	0	7	7	7	433335	8047333	7	1	112122.890494827	8047333	SUM-159_NLS_2N_O1_A9_seed	123777.061030624	71862.8104474514	433335	8047333	71862.8104474514	TRUE	carry_forward_insufficient	71862.8104474514	745247	0.0964281781039728	1	71862.8104474514	71862.8104474514	-0.0776747373682247	-0.0776747373682247	67.3543691334918	0.435214147229313	NA	0	0	44	-0.769344553620431
2N-O1-A10	2N-O1-A9	2N	O1	deprived	O1	2N-O1	2N-O1-A23	10	10	0	5	5	5	745247	8643308	5	1	68639.9794409796	8643308	SUM-159_NLS_2N_O1_A10_seed	71862.8104474514	62020.9855570773	745247	8643308	62020.9855570773	TRUE	carry_forward_insufficient	62020.9855570773	491262	0.126248286163142	1	62020.9855570773	62020.9855570773	-0.0294572172916908	-0.0294572172916908	76.7809286180696	0.50185981787835	NA	0	0	49	-0.81666408255322
2N-O1-A11	2N-O1-A10	2N	O1	deprived	O1	2N-O1	2N-O1-A23	11	11	0	5	5	5	491262	5817161	5	5	63782.032776714	5817161	SUM-159_NLS_2N_O1_A11_seed	62020.9855570773	63782.032776714	491262	5817161	63782.032776714	TRUE	carry_forward_insufficient	63782.032776714	414398	0.153914914591079	1	63782.032776714	63782.032776714	0.0055997456534616	0.0055997456534616	83.3456044192452	0.502224726321462	NA	0	0	54	-0.728969826701558
2N-O1-A12	2N-O1-A11	2N	O1	deprived	O1	2N-O1	2N-O1-A23	12	12	0	7	7	7	414398	8287951	7	7	78722.134993037	8287951	SUM-159_NLS_2N_O1_A12_seed	63782.032776714	78722.134993037	414398	8287951	78722.134993037	TRUE	carry_forward_insufficient	78722.134993037	639420	0.123114908812732	1	78722.134993037	78722.134993037	0.0300646915659613	0.0300646915659613	87.4296042311644	0.432618047777567	NA	0	200	61	-0.520963287471165
2N-O1-A13	2N-O1-A12	2N	O1	deprived	O1	2N-O1	2N-O1-A23	13	13	0	6	6	6	639420	7866870	6	6	101141.003141774	7866870	SUM-159_NLS_2N_O1_A13_seed	78722.134993037	101141.003141774	639420	7866870	101141.003141774	TRUE	carry_forward_insufficient	101141.003141774	485692	0.208241031645105	1	101141.003141774	101141.003141774	0.0417652067033935	0.0417652067033935	88.3540550682536	0.42734132525493	NA	0	0	67	-0.488060165493809
2N-O1-A14	2N-O1-A13	2N	O1	deprived	O1	2N-O1	2N-O1-A23	14	14	0	7	7	7	485692	5816047	7	7	139552.16797651	5816047	SUM-159_NLS_2N_O1_A14_seed	101141.003141774	139552.16797651	485692	5816047	139552.16797651	TRUE	carry_forward_insufficient	139552.16797651	722968	0.193026756338469	1	139552.16797651	139552.16797651	0.0459889830560596	0.0459889830560596	88.3292511876277	0.359204449551509	NA	0	0	74	-0.363716791458028
2N-O1-A15	2N-O1-A14	2N	O1	deprived	O1	2N-O1	2N-O1-A23	15	15	0	4	4	4	722968	4910388	4	4	168779.663729578	4910388	SUM-159_NLS_2N_O1_A15_seed	139552.16797651	168779.663729578	722968	4910388	168779.663729578	TRUE	carry_forward_insufficient	168779.663729578	451159	0.37410239788983	1	168779.663729578	168779.663729578	0.0475389010061962	0.0475389010061962	88.1132904090014	0.47893581972953	NA	0	0	78	-0.580114215862039
2N-O1-A16	2N-O1-A15	2N	O1	deprived	O1	2N-O1	2N-O1-A23	16	16	0	9	9	9	451159	8159844	9	9	260901.961729955	8159844	SUM-159_NLS_2N_O1_A16_seed	168779.663729578	260901.961729955	451159	8159844	260901.961729955	TRUE	carry_forward_insufficient	260901.961729955	394346	0.661606715244875	1	260901.961729955	260901.961729955	0.0483945124259551	0.0483945124259551	87.458150465001	0.313471183522771	NA	0	0	87	-0.295260240283531
2N-O1-A17	2N-O1-A16	2N	O1	deprived	O1	2N-O1	2N-O1-A23	17	17	0	7	7	7	394346	7737649	7	7	367733.729444839	7737649	SUM-159_NLS_2N_O1_A17_seed	260901.961729955	367733.729444839	394346	7737649	367733.729444839	TRUE	carry_forward_insufficient	367733.729444839	578151	0.636051359324535	1	367733.729444839	367733.729444839	0.0490306291112722	0.0490306291112722	86.9056203732691	0.437413363577022	NA	0	0	94	-0.493401790117718
2N-O1-A18	2N-O1-A17	2N	O1	deprived	O1	2N-O1	2N-O1-A23	18	18	0	5	5	5	578151	10139372	5	5	470694.417409829	10139372	SUM-159_NLS_2N_O1_A18_seed	367733.729444839	470694.417409829	578151	10139372	470694.417409829	TRUE	carry_forward_insufficient	470694.417409829	1129568	0.41670303816134	1	470694.417409829	470694.417409829	0.0493699946337045	0.0493699946337045	86.5139634293137	0.571675739310715	NA	0	200	99	-0.793316353149363
2N-O1-A19	2N-O1-A18	2N	O1	deprived	O1	2N-O1	2N-O1-A23	19	19	0	5	5	5	1129568	13953612	5	5	603202.973854638	13953612	SUM-159_NLS_2N_O1_A19_seed	470694.417409829	603202.973854638	1129568	13953612	603202.973854638	TRUE	downsample_to_observed_inoculum	603202.973854638	588177	1.02554668722959	0.975089688701934	603202.973854638	588177.000000001	0.0496089317325033	0.0496089317325033	86.1316862095063	0.514139394650451	66.85	20	0	104	-0.653112594283693
2N-O1-A20	2N-O1-A19	2N	O1	deprived	O1	2N-O1	2N-O1-A23	20	20	0	5	5	5	588177	5379370	5	5	754563.170829553	5379370	SUM-159_NLS_2N_O1_A20_seed	588177.000000001	754563.170829553	588177	5379370	754563.170829553	TRUE	downsample_to_observed_inoculum	754563.170829553	585949	1.28776253706304	0.776540682943508	754563.170829553	585949	0.0498222154228205	0.0498222154228205	85.7618889516645	0.426979996229704	NA	0	0	109	-0.472270537284166
2N-O1-A21	2N-O1-A20	2N	O1	deprived	O1	2N-O1	2N-O1-A23	21	21	0	5	5	5	585949	6572434	5	5	752431.647423924	6572434	SUM-159_NLS_2N_O1_A21_seed	585949	752431.647423924	585949	6572434	752431.647423924	TRUE	downsample_to_observed_inoculum	752431.647423924	502401	1.49767147641809	0.667703175059229	752431.647423924	502401	0.0500154806872672	0.0500154806872672	85.4063143197574	0.474305889804198	NA	0	0	114	-0.565160677908342
2N-O1-A22	2N-O1-A21	2N	O1	deprived	O1	2N-O1	2N-O1-A23	22	22	0	3	3	3	502401	4186306	3	3	583984.188879108	4186306	SUM-159_NLS_2N_O1_A22_seed	502401	583984.188879108	502401	4186306	583984.188879108	TRUE	carry_forward_insufficient	583984.188879108	694004	0.841470926506343	1	583984.188879108	583984.188879108	0.0501584343422371	0.0501584343422371	85.2001808429201	0.706725131849525	NA	0	0	117	-1.18253088782922
2N-O1-A23	2N-O1-A22	2N	O1	deprived	O1	2N-O1	2N-O1-A23	23	23	0	5	5	5	694004	7355557	5	5	750944.507555625	7355557	SUM-159_NLS_2N_O1_A23_seed	583984.188879108	750944.507555625	694004	7355557	750944.507555625	TRUE	terminal_no_reseed	750944.507555625	NA	NA	1	750944.507555625	750944.507555625	0.0502915698010977	0.0502915698010977	84.8687848594284	0.450464700528303	NA	0	200	122	-0.516264798589269
2N-O2-A1	NA	2N	O2	deprived	O2	2N-O2	2N-O2-A23	1	1	2	3	3	3	580562	6323079	3	3	4190067.40013469	6323079	SUM-159_NLS_2N_O2_A1_seed	580562	4190067.40013469	580562	6323079	4190067.40013469	TRUE	downsample_to_observed_inoculum	4190067.40013469	366708	11.4261685050086	0.0875184012524983	4190067.40013469	366708	0.658825166274718	0.658825166274718	46.0750602809168	0.795988317378729	NA	0	0	3	-0.168735916824453
2N-O2-A2	2N-O2-A1	2N	O2	deprived	O2	2N-O2	2N-O2-A23	2	2	1	5	5	5	366708	6273296	5	4	5118126.39871157	6273296	SUM-159_NLS_2N_O2_A2_seed	366708	9893953.71809844	366708	6273296	9893953.71809844	TRUE	downsample_to_observed_inoculum	9893953.71809844	402467	24.583266996048	0.0406780758700933	9893953.71809844	402466.999999999	0.659022644592862	0.659022644592862	46.2924527364519	0.582583674486393	NA	0	0	8	-0.136839658735926
2N-O2-A3	2N-O2-A2	2N	O2	deprived	O2	2N-O2	2N-O2-A23	3	3	0.5	5	5	5	402467	7647573	5	4	5623281.21935195	7647573	SUM-159_NLS_2N_O2_A3_seed	402466.999999999	10873845.1431575	402467	7647573	10873845.1431575	TRUE	downsample_to_observed_inoculum	10873845.1431575	523768	20.7608046752712	0.0481676898194186	10873845.1431575	523768	0.659300510133094	0.659300510133094	46.5739300736918	0.576460809243452	NA	0	0	13	-0.13934668967633
2N-O2-A4	2N-O2-A3	2N	O2	deprived	O2	2N-O2	2N-O2-A23	4	4	0.3	5	5	5	523768	7184807	5	4	7326386.29187989	7184807	SUM-159_NLS_2N_O2_A4_seed	523768	14171891.6869204	523768	7184807	14171891.6869204	TRUE	downsample_to_observed_inoculum	14171891.6869204	809842	17.4995760740002	0.0571442414245532	14171891.6869204	809841.999999999	0.659593397003344	0.659593397003344	46.9380922692648	0.510656518381784	NA	0	0	18	-0.177019235941788
2N-O2-A5	2N-O2-A4	2N	O2	deprived	O2	2N-O2	2N-O2-A23	5	5	0.2	5	5	5	809842	11919753	5	4	11339476.3366564	11919753	SUM-159_NLS_2N_O2_A5_seed	809841.999999999	21941615.2365536	809842	11919753	21941615.2365536	TRUE	downsample_to_observed_inoculum	21941615.2365536	480296	45.6835269012308	0.0218897284826986	21941615.2365536	480296	0.65986023696703	0.65986023696703	47.4077614503941	0.517179620389222	NA	0	0	23	-0.172532804705506
2N-O2-A6	2N-O2-A5	2N	O2	deprived	O2	2N-O2	2N-O2-A23	6	6	0.1	5	5	5	480296	7765369	5	4	6699121.64408022	7765369	SUM-159_NLS_2N_O2_A6_seed	480296	12951099.1928158	480296	7765369	12951099.1928158	TRUE	downsample_to_observed_inoculum	12951099.1928158	420697	30.7848622472131	0.0324834976349628	12951099.1928158	420697	0.658906672554374	0.658906672554374	48.0042844630211	0.544215937493151	NA	0	200	28	-0.154818105889821
2N-O2-A7	2N-O2-A6	2N	O2	deprived	O2	2N-O2	2N-O2-A23	7	7	0	5	5	5	420697	7241601	5	1	368738.590081651	7241601	SUM-159_NLS_2N_O2_A7_seed	420697	222795.682647718	420697	7241601	222795.682647718	TRUE	carry_forward_insufficient	222795.682647718	291683	0.763828137559328	1	222795.682647718	222795.682647718	-0.127131545887345	-0.127131545887345	50.8979904787895	0.547099402696607	48.4666666666667	15	0	33	-1.24033779879797
2N-O2-A8	2N-O2-A7	2N	O2	deprived	O2	2N-O2	2N-O2-A23	8	8	0	4	4	4	291683	7415711	4	1	197957.843429574	7415711	SUM-159_NLS_2N_O2_A8_seed	222795.682647718	142545.654187155	291683	7415711	142545.654187155	TRUE	carry_forward_insufficient	142545.654187155	385434	0.369831551412578	1	142545.654187155	142545.654187155	-0.111648200375872	-0.111648200375872	55.1555261738906	0.792805650404954	NA	0	0	37	-2.13408863498209
2N-O2-A9	2N-O2-A8	2N	O2	deprived	O2	2N-O2	2N-O2-A23	9	9	0	7	7	7	385434	5507477	7	1	129124.335853878	5507477	SUM-159_NLS_2N_O2_A9_seed	142545.654187155	82759.5297528916	385434	5507477	82759.5297528916	TRUE	carry_forward_insufficient	82759.5297528916	675067	0.122594542101586	1	82759.5297528916	82759.5297528916	-0.0776747368364725	-0.0776747368364725	67.3543689402935	0.399949129792322	NA	0	0	44	-0.68344781201424
2N-O2-A10	2N-O2-A9	2N	O2	deprived	O2	2N-O2	2N-O2-A23	10	10	0	5	5	5	675067	6544585	5	1	79048.0136001737	6544585	SUM-159_NLS_2N_O2_A10_seed	82759.5297528916	71425.3665486064	675067	6544585	71425.3665486064	TRUE	carry_forward_insufficient	71425.3665486064	520225	0.137297066747285	1	71425.3665486064	71425.3665486064	-0.0294572181525172	-0.0294572181525172	76.7809283831279	0.459209606978143	NA	0	0	49	-0.709687927714337
2N-O2-A11	2N-O2-A10	2N	O2	deprived	O2	2N-O2	2N-O2-A23	11	11	0	5	5	5	520225	5685713	5	5	73453.4448672973	5685713	SUM-159_NLS_2N_O2_A11_seed	71425.3665486064	73453.4448672973	520225	5685713	73453.4448672973	TRUE	carry_forward_insufficient	73453.4448672973	364269	0.201646159479114	1	73453.4448672973	73453.4448672973	0.00559974446549631	0.00559974446549631	83.3456042498945	0.477939108571687	NA	0	0	54	-0.671103030303106
2N-O2-A12	2N-O2-A11	2N	O2	deprived	O2	2N-O2	2N-O2-A23	12	12	0	7	7	7	364269	7249729	7	7	90658.9474464626	7249729	SUM-159_NLS_2N_O2_A12_seed	73453.4448672973	90658.9474464626	364269	7249729	90658.9474464626	TRUE	carry_forward_insufficient	90658.9474464626	563670	0.160836921330677	1	90658.9474464626	90658.9474464626	0.0300646904538621	0.0300646904538621	87.4296041767975	0.43743905615452	NA	0	200	61	-0.530565178212101
2N-O2-A13	2N-O2-A12	2N	O2	deprived	O2	2N-O2	2N-O2-A23	13	13	0	6	6	6	563670	8451705	6	6	116477.23769857	8451705	SUM-159_NLS_2N_O2_A13_seed	90658.9474464626	116477.23769857	563670	8451705	116477.23769857	TRUE	carry_forward_insufficient	116477.23769857	455615	0.255648382293318	1	116477.23769857	116477.23769857	0.0417652056348009	0.0417652056348009	88.3540550736588	0.455260826116619	NA	0	0	67	-0.542921446868315
2N-O2-A14	2N-O2-A13	2N	O2	deprived	O2	2N-O2	2N-O2-A23	14	14	0	7	7	7	455615	6241585	7	7	160712.771238957	6241585	SUM-159_NLS_2N_O2_A14_seed	116477.23769857	160712.771238957	455615	6241585	160712.771238957	TRUE	carry_forward_insufficient	160712.771238957	915685	0.175510979473243	1	160712.771238957	160712.771238957	0.0459889818260975	0.0459889818260975	88.3292512303575	0.398345550086726	NA	0	0	74	-0.42777881042743
2N-O2-A15	2N-O2-A14	2N	O2	deprived	O2	2N-O2	2N-O2-A23	15	15	0	4	4	4	915685	6207051	4	4	194372.095515994	6207051	SUM-159_NLS_2N_O2_A15_seed	160712.771238957	194372.095515994	915685	6207051	194372.095515994	TRUE	carry_forward_insufficient	194372.095515994	467868	0.415442166414447	1	194372.095515994	194372.095515994	0.0475388995005273	0.0475388995005273	88.1132904656214	0.47844219096022	NA	0	0	78	-0.579067496784418
2N-O2-A16	2N-O2-A15	2N	O2	deprived	O2	2N-O2	2N-O2-A23	16	16	0	9	9	9	467868	5397194	9	9	300463.094786909	5397194	SUM-159_NLS_2N_O2_A16_seed	194372.095515994	300463.094786909	467868	5397194	300463.094786909	TRUE	carry_forward_insufficient	300463.094786909	363155	0.827368740033619	1	300463.094786909	300463.094786909	0.0483945104005714	0.0483945104005714	87.4581505470002	0.265837402863243	NA	0	0	87	-0.238740199068997
2N-O2-A17	2N-O2-A16	2N	O2	deprived	O2	2N-O2	2N-O2-A23	17	17	0	7	7	7	363155	7128306	7	7	423493.987503183	7128306	SUM-159_NLS_2N_O2_A17_seed	300463.094786909	423493.987503183	363155	7128306	423493.987503183	TRUE	carry_forward_insufficient	423493.987503183	642762	0.658865937163651	1	423493.987503183	423493.987503183	0.0490306261554804	0.0490306261554804	86.9056204756819	0.438440022649343	NA	0	0	94	-0.495365437731163
2N-O2-A18	2N-O2-A17	2N	O2	deprived	O2	2N-O2	2N-O2-A23	18	18	0	5	5	5	642762	9890957	5	5	542066.815802556	9890957	SUM-159_NLS_2N_O2_A18_seed	423493.987503183	542066.815802556	642762	9890957	542066.815802556	TRUE	carry_forward_insufficient	542066.815802556	1088351	0.498062496200726	1	542066.815802556	542066.815802556	0.0493699906795687	0.0493699906795687	86.5139635486508	0.547427136693007	NA	0	200	99	-0.732472906129067
2N-O2-A19	2N-O2-A18	2N	O2	deprived	O2	2N-O2	2N-O2-A23	19	19	0	5	5	5	1088351	10719752	5	5	694667.909687043	10719752	SUM-159_NLS_2N_O2_A19_seed	542066.815802556	694667.909687043	1088351	10719752	694667.909687043	TRUE	downsample_to_observed_inoculum	694667.909687043	568126	1.22273564259872	0.817838267865214	694667.909687043	568126	0.0496089266700142	0.0496089266700142	86.1316863486382	0.470226829493655	88.05	20	0	104	-0.557530324719887
2N-O2-A20	2N-O2-A19	2N	O2	deprived	O2	2N-O2	2N-O2-A23	20	20	0	5	5	5	568126	4805675	5	5	728840.058109591	4805675	SUM-159_NLS_2N_O2_A20_seed	568126	728840.058109591	568126	4805675	728840.058109591	TRUE	downsample_to_observed_inoculum	728840.058109591	524681	1.38911082754968	0.719884965380301	728840.058109591	524681	0.049822216760867	0.049822216760867	85.7618890800745	0.410942181415078	NA	0	0	109	-0.443154147983743
2N-O2-A21	2N-O2-A20	2N	O2	deprived	O2	2N-O2	2N-O2-A23	21	21	0	5	5	5	524681	5128727	5	5	673755.90297759	5128727	SUM-159_NLS_2N_O2_A21_seed	524681	673755.90297759	524681	5128727	673755.90297759	TRUE	downsample_to_observed_inoculum	673755.90297759	567012	1.18825686754	0.841568879017093	673755.90297759	567012	0.0500154849385687	0.0500154849385687	85.4063144255447	0.445568191284352	NA	0	0	114	-0.507223770133699
2N-O2-A22	2N-O2-A21	2N	O2	deprived	O2	2N-O2	2N-O2-A23	22	22	0	3	3	3	567012	3580306	3	3	659087.140669742	3580306	SUM-159_NLS_2N_O2_A22_seed	567012	659087.140669742	567012	3580306	659087.140669742	TRUE	downsample_to_observed_inoculum	659087.140669742	571468	1.15332291689078	0.867059854057072	659087.140669742	571468.000000001	0.0501584299681716	0.0501584299681716	85.20018095623	0.614274361025784	NA	0	0	117	-0.905016317591629
2N-O2-A23	2N-O2-A22	2N	O2	deprived	O2	2N-O2	2N-O2-A23	23	23	0	5	5	5	571468	6965666	5	5	734849.959644401	6965666	SUM-159_NLS_2N_O2_A23_seed	571468.000000001	734849.959644401	571468	6965666	734849.959644401	TRUE	terminal_no_reseed	734849.959644401	NA	NA	1	734849.959644401	734849.959644401	0.0502915706339166	0.0502915706339166	84.8687849646934	0.480890952237371	NA	0	200	122	-0.578423662760049
4N-C-A1	NA	4N	C	control	C	4N-C	4N-C-A12	1	1	20.5	3	3	3	987937	6428954	3	3	8377759.94548055	6428954	SUM-159_NLS_4N_C_A1_seed	987937	8377759.94548055	987937	6428954	8377759.94548055	TRUE	downsample_to_observed_inoculum	8377759.94548055	575654	14.5534643127305	0.0687121621705741	8377759.94548055	575654	0.712572305867142	0.712572305867142	84.0322327829279	0.624316066168315	NA	0	200	3	-0.141625635884447
4N-C-A2	4N-C-A1	4N	C	control	C	4N-C	4N-C-A12	2	2	20.5	2	2	2	575654	4791040	2	2	2393872.2287067	4791040	SUM-159_NLS_4N_C_A2_seed	575654	2393872.2287067	575654	4791040	2393872.2287067	TRUE	downsample_to_observed_inoculum	2393872.2287067	427709	5.59696482586689	0.178668265946287	2393872.2287067	427709	0.712580363731906	0.712580363731906	84.0647280224618	1.05949800003685	NA	0	0	5	-0.418426182809025
4N-C-A3	4N-C-A2	4N	C	control	C	4N-C	4N-C-A12	3	3	20.5	1	1	1	427709	2982042	1	1	872208.405922864	2982042	SUM-159_NLS_4N_C_A3_seed	427709	872208.405922864	427709	2982042	872208.405922864	TRUE	downsample_to_observed_inoculum	872208.405922864	448744	1.94366588951131	0.514491716604352	872208.405922864	448744	0.712585335173095	0.712585335173095	84.080944915824	1.94192052193407	NA	0	0	6	-3.83879173710051
4N-C-A4	4N-C-A3	4N	C	control	C	4N-C	4N-C-A12	4	4	20.5	3	3	3	448744	6498369	3	3	3805589.31235971	6498369	SUM-159_NLS_4N_C_A4_seed	448744	3805589.31235971	448744	6498369	3805589.31235971	TRUE	downsample_to_observed_inoculum	3805589.31235971	884866	4.30075210524499	0.232517470323493	3805589.31235971	884866	0.712591189158779	0.712591189158779	84.1295579579585	0.890951310693594	NA	0	0	9	-0.200700510419417
4N-C-A5	4N-C-A4	4N	C	control	C	4N-C	4N-C-A12	5	5	20.5	2	2	2	884866	9118611	2	2	3679879.00276496	9118611	SUM-159_NLS_4N_C_A5_seed	884866	3679879.00276496	884866	9118611	3679879.00276496	TRUE	downsample_to_observed_inoculum	3679879.00276496	411582	8.94081617457752	0.111846612263813	3679879.00276496	411582	0.712599464912231	0.712599464912231	84.1619810396785	1.16631827386152	NA	0	0	11	-0.628699364457415
4N-C-A6	4N-C-A5	4N	C	control	C	4N-C	4N-C-A12	6	6	20.5	3	3	3	411582	7374120	3	3	3490619.73935793	7374120	SUM-159_NLS_4N_C_A6_seed	411582	3490619.73935793	411582	7374120	3490619.73935793	TRUE	downsample_to_observed_inoculum	3490619.73935793	621931	5.61255145564046	0.178172085887075	3490619.73935793	621931	0.712608767984606	0.712608767984606	84.2106967197661	0.961907860276492	NA	0	0	14	-0.275303327258505
4N-C-A7	4N-C-A6	4N	C	control	C	4N-C	4N-C-A12	7	7	20.5	2	2	2	621931	6654027	2	2	2586511.12739	6654027	SUM-159_NLS_4N_C_A7_seed	621931	2586511.12739	621931	6654027	2586511.12739	TRUE	downsample_to_observed_inoculum	2586511.12739	1532740	1.68750807533567	0.592589756822992	2586511.12739	1532740	0.712618018713854	0.712618018713854	84.2432503154413	1.185074180085	NA	0	0	16	-0.671374388540922
4N-C-A8	4N-C-A7	4N	C	control	C	4N-C	4N-C-A12	8	8	20.5	3	3	3	1532740	9561746	3	2	6374497.884397	9561746	SUM-159_NLS_4N_C_A8_seed	1532740	12999763.6193669	1532740	9561746	12999763.6193669	TRUE	downsample_to_observed_inoculum	12999763.6193669	955684	13.6025753485115	0.0735154905875545	12999763.6193669	955684	0.712624730250797	0.712624730250797	84.2922218600093	0.610237787650816	NA	0	0	19	-0.148250203752067
4N-C-A9	4N-C-A8	4N	C	control	C	4N-C	4N-C-A12	9	9	20.5	2	2	2	955684	8405530	2	2	3974683.91606644	8405530	SUM-159_NLS_4N_C_A9_seed	955684	3974683.91606644	955684	8405530	3974683.91606644	TRUE	downsample_to_observed_inoculum	3974683.91606644	728507	5.45593098771383	0.183286775850335	3974683.91606644	728507	0.712636595739673	0.712636595739673	84.3249750210279	1.08710889354088	NA	0	0	21	-0.467306911073756
4N-C-A10	4N-C-A9	4N	C	control	C	4N-C	4N-C-A12	10	10	20.5	3	3	3	728507	9314937	3	3	6179147.40929221	9314937	SUM-159_NLS_4N_C_A10_seed	728507	6179147.40929221	728507	9314937	6179147.40929221	TRUE	downsample_to_observed_inoculum	6179147.40929221	512549	12.0557203492587	0.0829481748937124	6179147.40929221	512549	0.712646115632901	0.712646115632901	84.3742769835846	0.849459095117841	NA	0	0	24	-0.16849999605204
4N-C-A11	4N-C-A10	4N	C	control	C	4N-C	4N-C-A12	11	11	20.5	2	2	2	512549	4394883	2	2	2131775.35928832	4394883	SUM-159_NLS_4N_C_A11_seed	512549	2131775.35928832	512549	4394883	2131775.35928832	TRUE	downsample_to_observed_inoculum	2131775.35928832	537090	3.96912130050517	0.251944932968595	2131775.35928832	537090	0.712657048674262	0.712657048674262	84.4072660837067	1.07439993620309	NA	0	0	26	-0.44426144134353
4N-C-A12	4N-C-A11	4N	C	control	C	4N-C	4N-C-A12	12	12	20.5	3	3	3	537090	8632005	3	3	4555841.92982035	8632005	SUM-159_NLS_4N_C_A12_seed	537090	4555841.92982035	537090	8632005	4555841.92982035	TRUE	terminal_no_reseed	4555841.92982035	NA	NA	1	4555841.92982035	4555841.92982035	0.712666650262217	0.712666650262217	84.4569395420817	0.925688802648849	NA	0	200	29	-0.234060635176999
4N-O1-A1	NA	4N	O1	deprived	O1	4N-O1	4N-O1-A22	1	1	2	3	3	3	1496747	5464856	3	2	6224115.28843254	5464856	SUM-159_NLS_4N_O1_A1_seed	1496747	12692350.9071592	1496747	5464856	12692350.9071592	TRUE	downsample_to_observed_inoculum	12692350.9071592	469077	27.0581395104838	0.0369574559851961	12692350.9071592	469077	0.712568478253719	0.712568478253719	84.0322283837927	0.431681228435326	NA	0	0	3	-0.316487025251058
4N-O1-A2	4N-O1-A1	4N	O1	deprived	O1	4N-O1	4N-O1-A22	2	2	1	5	5	5	469077	3281438	5	3	3977759.16006319	3281438	SUM-159_NLS_4N_O1_A2_seed	469077	16541335.007941	469077	3281438	16541335.007941	TRUE	downsample_to_observed_inoculum	16541335.007941	979523	16.8871328268361	0.0592166835101133	16541335.007941	979523	0.712570149029553	0.712570149029553	84.1133103092657	0.399917181450665	NA	0	0	8	-0.362851071862141
4N-O1-A3	4N-O1-A2	4N	O1	deprived	O1	4N-O1	4N-O1-A22	3	3	0.5	5	5	5	979523	5965486	5	2	4073000.57337191	5965486	SUM-159_NLS_4N_O1_A3_seed	979523	34535418.5810886	979523	5965486	34535418.5810886	TRUE	downsample_to_observed_inoculum	34535418.5810886	477491	72.3268471679855	0.0138261245879751	34535418.5810886	477491	0.712534996692338	0.712534996692338	84.1941806578722	0.344146831898379	NA	0	0	13	-0.456192704778451
4N-O1-A4	4N-O1-A3	4N	O1	deprived	O1	4N-O1	4N-O1-A22	4	4	0.3	5	5	5	477491	5131103	5	3	4047307.83624861	5131103	SUM-159_NLS_4N_O1_A4_seed	477491	16825594.4836228	477491	5131103	16825594.4836228	TRUE	downsample_to_observed_inoculum	16825594.4836228	487308	34.5276385440478	0.0289623050451097	16825594.4836228	487308	0.712422235132729	0.712422235132729	84.274835757102	0.462592398960382	NA	0	0	18	-0.275954760995276
4N-O1-A5	4N-O1-A4	4N	O1	deprived	O1	4N-O1	4N-O1-A22	5	5	0.2	5	5	5	487308	6266284	5	3	4127086.08687581	6266284	SUM-159_NLS_4N_O1_A5_seed	487308	17147735.4391561	487308	6266284	17147735.4391561	TRUE	downsample_to_observed_inoculum	17147735.4391561	647172	26.4964112154978	0.0377409601574684	17147735.4391561	647172	0.712145006561019	0.712145006561019	84.3546394410878	0.493160438290141	NA	0	0	23	-0.240394740460502
4N-O1-A6	4N-O1-A5	4N	O1	deprived	O1	4N-O1	4N-O1-A22	6	6	0.1	5	5	5	647172	5181587	5	3	5450541.51986575	5181587	SUM-159_NLS_4N_O1_A6_seed	647172	22562424.5778383	647172	5181587	22562424.5778383	TRUE	downsample_to_observed_inoculum	22562424.5778383	267844	84.2371849951402	0.0118712418993784	22562424.5778383	267844	0.710285814147754	0.710285814147754	84.4260535951986	0.40078440531454	NA	0	200	28	-0.358029417480092
4N-O1-A7	4N-O1-A6	4N	O1	deprived	O1	4N-O1	4N-O1-A22	7	7	0	5	5	5	267844	5124092	5	5	352065.91845078	5124092	SUM-159_NLS_4N_O1_A7_seed	267844	352065.91845078	267844	5124092	352065.91845078	TRUE	carry_forward_insufficient	352065.91845078	358294	0.982617399260887	1	352065.91845078	352065.91845078	0.0546827409825859	0.0546827409825859	84.2628508065972	0.571921242468194	81.25	12	0	33	-0.780362849963847
4N-O1-A8	4N-O1-A7	4N	O1	deprived	O1	4N-O1	4N-O1-A22	8	8	0	4	4	4	358294	5832757	4	4	437792.726834555	5832757	SUM-159_NLS_4N_O1_A8_seed	352065.91845078	437792.726834555	358294	5832757	437792.726834555	TRUE	carry_forward_insufficient	437792.726834555	515769	0.848815510111222	1	437792.726834555	437792.726834555	0.0544817863931786	0.0544817863931786	84.1283738934167	0.671802019601772	NA	0	0	37	-1.05958785313946
4N-O1-A9	4N-O1-A8	4N	O1	deprived	O1	4N-O1	4N-O1-A22	9	9	0	5	5	5	515769	4745520	5	5	574302.090796689	4745520	SUM-159_NLS_4N_O1_A9_seed	437792.726834555	574302.090796689	515769	4745520	574302.090796689	TRUE	downsample_to_observed_inoculum	574302.090796689	447817	1.28244816698939	0.779758609930837	574302.090796689	447817	0.0542819952998894	0.0542819952998894	83.9564507463832	0.43989081937769	NA	0	0	42	-0.488122188411512
4N-O1-A10	4N-O1-A9	4N	O1	deprived	O1	4N-O1	4N-O1-A22	10	10	0	5	5	5	447817	4731039	5	5	586814.115332543	4731039	SUM-159_NLS_4N_O1_A10_seed	447817	586814.115332543	447817	4731039	586814.115332543	TRUE	downsample_to_observed_inoculum	586814.115332543	451159	1.30068139022505	0.768827790968067	586814.115332543	451159	0.0540646867835758	0.0540646867835758	83.7818468842803	0.474021738864105	NA	0	0	47	-0.556164319565335
4N-O1-A11	4N-O1-A10	4N	O1	deprived	O1	4N-O1	4N-O1-A22	11	11	0	5	5	5	451159	5387168	5	5	590574.68550965	5387168	SUM-159_NLS_4N_O1_A11_seed	451159	590574.68550965	451159	5387168	590574.68550965	TRUE	downsample_to_observed_inoculum	590574.68550965	465640	1.26830745964618	0.788452352301836	590574.68550965	465640	0.053855255760692	0.053855255760692	83.6063376733993	0.498582784895203	NA	0	0	52	-0.60883447439913
4N-O1-A12	4N-O1-A11	4N	O1	deprived	O1	4N-O1	4N-O1-A22	12	12	0	5	5	5	465640	4086049	5	5	608923.676897592	4086049	SUM-159_NLS_4N_O1_A12_seed	465640	608923.676897592	465640	4086049	608923.676897592	TRUE	carry_forward_insufficient	608923.676897592	764185	0.796827570415006	1	608923.676897592	608923.676897592	0.0536560262369353	0.0536560262369353	83.4315988049483	0.440115624122669	NA	0	200	57	-0.489737448307958
4N-O1-A13	4N-O1-A12	4N	O1	deprived	O1	4N-O1	4N-O1-A22	13	13	0	2	2	2	764185	1605234	2	2	677723.334798223	1605234	SUM-159_NLS_4N_O1_A13_seed	608923.676897592	677723.334798223	764185	1605234	677723.334798223	TRUE	downsample_to_observed_inoculum	677723.334798223	444475	1.52477267517458	0.655835467333189	677723.334798223	444475	0.0535231046633227	0.0535231046633227	83.3622564262669	0.371107456439524	NA	0	0	59	-0.370493748146377
4N-O1-A14	4N-O1-A13	4N	O1	deprived	O1	4N-O1	4N-O1-A22	14	14	0	10	10	10	444475	7571667	10	10	757498.9391774	7571667	SUM-159_NLS_4N_O1_A14_seed	444475	757498.9391774	444475	7571667	757498.9391774	TRUE	downsample_to_observed_inoculum	757498.9391774	296317	2.55638029265078	0.391178105571716	757498.9391774	296317	0.0533128326554033	0.0533128326554033	83.0236501216143	0.295310180980102	NA	0	0	69	-0.26648182138285
4N-O1-A15	4N-O1-A14	4N	O1	deprived	O1	4N-O1	4N-O1-A22	15	15	0	12	12	12	296317	6271662	12	12	559550.059782264	6271662	SUM-159_NLS_4N_O1_A15_seed	296317	559550.059782264	296317	6271662	559550.059782264	TRUE	downsample_to_observed_inoculum	559550.059782264	403258	1.3875733644026	0.72068261445083	559550.059782264	403258	0.0529752640739522	0.0529752640739522	82.6426369855989	0.276107884181598	NA	0	0	81	-0.244904507248511
4N-O1-A16	4N-O1-A15	4N	O1	deprived	O1	4N-O1	4N-O1-A22	16	16	0	14	14	14	403258	8329168	14	14	842870.347449455	8329168	SUM-159_NLS_4N_O1_A16_seed	403258	842870.347449455	403258	8329168	842870.347449455	TRUE	downsample_to_observed_inoculum	842870.347449455	824339	1.02248025078209	0.978014000011352	842870.347449455	824339	0.0526597565402166	0.0526597565402166	82.2418454076612	0.225290065289268	NA	0	0	95	-0.195755033067841
4N-O1-A17	4N-O1-A16	4N	O1	deprived	O1	4N-O1	4N-O1-A22	17	17	0	5	5	5	824339	6259408	5	5	1071665.31152131	6259408	SUM-159_NLS_4N_O1_A17_seed	824339	1071665.31152131	824339	6259408	1071665.31152131	TRUE	downsample_to_observed_inoculum	1071665.31152131	627166	1.70874267980298	0.585225623389534	1071665.31152131	627166	0.0524774460819991	0.0524774460819991	82.1108905660726	0.416428545920834	81.65	20	0	100	-0.448202082246213
4N-O1-A18	4N-O1-A17	4N	O1	deprived	O1	4N-O1	4N-O1-A22	18	18	0	5	5	5	627166	4309957	5	5	815014.557110229	4309957	SUM-159_NLS_4N_O1_A18_seed	627166	815014.557110229	627166	4309957	815014.557110229	TRUE	downsample_to_observed_inoculum	815014.557110229	601545	1.35486880800311	0.738078841355766	815014.557110229	601545	0.0523989432366275	0.0523989432366275	81.9863720782767	0.368994265221723	NA	0	0	105	-0.368951358145353
4N-O1-A19	4N-O1-A18	4N	O1	deprived	O1	4N-O1	4N-O1-A22	19	19	0	7	7	7	601545	5339267	7	7	867595.183715679	5339267	SUM-159_NLS_4N_O1_A19_seed	601545	867595.183715679	601545	5339267	867595.183715679	TRUE	downsample_to_observed_inoculum	867595.183715679	812086	1.06835382424482	0.936019488400168	867595.183715679	812086	0.0523176974400715	0.0523176974400715	81.8226921362154	0.315246218861754	NA	0	200	112	-0.292471068640971
4N-O1-A20	4N-O1-A19	4N	O1	deprived	O1	4N-O1	4N-O1-A22	20	20	0	3	3	3	812086	4743292	3	3	949924.202448353	4743292	SUM-159_NLS_4N_O1_A20_seed	812086	949924.202448353	812086	4743292	949924.202448353	TRUE	downsample_to_observed_inoculum	949924.202448353	607115	1.56465282928004	0.639119414407181	949924.202448353	607115	0.052258649543818	0.052258649543818	81.7562659159785	0.588293480836589	NA	0	0	115	-0.829046894926853
4N-O1-A21	4N-O1-A20	4N	O1	deprived	O1	4N-O1	4N-O1-A22	21	21	0	5	5	5	607115	7502229	5	5	788243.182167795	7502229	SUM-159_NLS_4N_O1_A21_seed	607115	788243.182167795	607115	7502229	788243.182167795	TRUE	downsample_to_observed_inoculum	788243.182167795	618254	1.27495039606342	0.784344240440751	788243.182167795	618254	0.0522176839205869	0.0522176839205869	81.6503852921868	0.484315596857106	NA	0	0	120	-0.581602708478765
4N-O1-A22	4N-O1-A21	4N	O1	deprived	O1	4N-O1	4N-O1-A22	22	22	0	5	5	5	618254	7237475	5	5	802524.225530531	7237475	SUM-159_NLS_4N_O1_A22_seed	618254	802524.225530531	618254	7237475	802524.225530531	TRUE	terminal_no_reseed	802524.225530531	NA	NA	1	802524.225530531	802524.225530531	0.0521725331740559	0.0521725331740559	81.5503761590295	0.471867487676023	NA	0	200	125	-0.555623148150981
4N-O2-A1	NA	4N	O2	deprived	O2	4N-O2	4N-O2-A22	1	1	2	3	3	3	1201324	4830305	3	2	4995624.38230919	4830305	SUM-159_NLS_4N_O2_A1_seed	1201324	10187198.1541151	1201324	4830305	10187198.1541151	TRUE	downsample_to_observed_inoculum	10187198.1541151	462066	22.0470628743839	0.0453575156789652	10187198.1541151	462066	0.712569189060569	0.712569189060569	84.0322284316418	0.463828443588774	NA	0	0	3	-0.274619509083609
4N-O2-A2	4N-O2-A1	4N	O2	deprived	O2	4N-O2	4N-O2-A22	2	2	1	5	5	5	462066	3662870	5	3	3918306.28471776	3662870	SUM-159_NLS_4N_O2_A2_seed	462066	16294105.8161788	462066	3662870	16294105.8161788	TRUE	downsample_to_observed_inoculum	16294105.8161788	990041	16.4580111492138	0.0607606831064622	16294105.8161788	990041	0.712570195401723	0.712570195401723	84.1133103620605	0.423293978638455	NA	0	0	8	-0.32824900368902
4N-O2-A3	4N-O2-A2	4N	O2	deprived	O2	4N-O2	4N-O2-A22	3	3	0.5	5	5	5	990041	5321118	5	2	4116735.83110525	5321118	SUM-159_NLS_4N_O2_A3_seed	990041	34906243.6110645	990041	5321118	34906243.6110645	TRUE	downsample_to_observed_inoculum	34906243.6110645	572148	61.0091158425172	0.0163909931522578	34906243.6110645	572148	0.712534927161562	0.712534927161562	84.1941807030217	0.317783675910682	NA	0	0	13	-0.505666206278787
4N-O2-A4	4N-O2-A3	4N	O2	deprived	O2	4N-O2	4N-O2-A22	4	4	0.3	5	5	5	572148	5808426	5	3	4849635.91474755	5808426	SUM-159_NLS_4N_O2_A4_seed	572148	20161008.5346862	572148	5808426	20161008.5346862	TRUE	downsample_to_observed_inoculum	20161008.5346862	584068	34.518255639217	0.0289701777068907	20161008.5346862	584068	0.712421609657072	0.712421609657072	84.2748357327131	0.456626491222531	NA	0	0	18	-0.283371824674433
4N-O2-A5	4N-O2-A4	4N	O2	deprived	O2	4N-O2	4N-O2-A22	5	5	0.2	5	5	5	584068	7072621	5	3	4946557.89639484	7072621	SUM-159_NLS_4N_O2_A5_seed	584068	20552528.5219112	584068	7072621	20552528.5219112	TRUE	downsample_to_observed_inoculum	20552528.5219112	530780	38.7213695352334	0.0258255328260039	20552528.5219112	530780	0.712144368075615	0.712144368075615	84.3546393460787	0.479793771189265	NA	0	0	23	-0.255229279927488
4N-O2-A6	4N-O2-A5	4N	O2	deprived	O2	4N-O2	4N-O2-A22	6	6	0.1	5	5	5	530780	6287319	5	3	4470281.22326174	6287319	SUM-159_NLS_4N_O2_A6_seed	530780	18504708.5955527	530780	6287319	18504708.5955527	TRUE	downsample_to_observed_inoculum	18504708.5955527	423502	43.6945010780414	0.0228861750409721	18504708.5955527	423502	0.710286574917501	0.710286574917501	84.4260535757653	0.484268660954678	NA	0	200	28	-0.248091304843415
4N-O2-A7	4N-O2-A6	4N	O2	deprived	O2	4N-O2	4N-O2-A22	7	7	0	5	5	5	423502	5273439	5	5	556669.597893784	5273439	SUM-159_NLS_4N_O2_A7_seed	423502	556669.597893784	423502	5273439	556669.597893784	TRUE	downsample_to_observed_inoculum	556669.597893784	281867	1.97493710825951	0.506345237940912	556669.597893784	281867	0.0546827291550301	0.0546827291550301	84.2628508128985	0.486227151372419	85.1666666666667	18	0	33	-0.580427224334196
4N-O2-A8	4N-O2-A7	4N	O2	deprived	O2	4N-O2	4N-O2-A22	8	8	0	4	4	4	281867	5833871	4	4	350500.626878401	5833871	SUM-159_NLS_4N_O2_A8_seed	281867	350500.626878401	281867	5833871	350500.626878401	TRUE	carry_forward_insufficient	350500.626878401	565898	0.619370676126088	1	350500.626878401	350500.626878401	0.0544817916299234	0.0544817916299234	84.1283738937089	0.700929182641856	NA	0	0	37	-1.15010645627642
4N-O2-A9	4N-O2-A8	4N	O2	deprived	O2	4N-O2	4N-O2-A22	9	9	0	5	5	5	565898	4734381	5	5	459791.214384091	4734381	SUM-159_NLS_4N_O2_A9_seed	350500.626878401	459791.214384091	565898	4734381	459791.214384091	TRUE	carry_forward_insufficient	459791.214384091	507971	0.905152487807554	1	459791.214384091	459791.214384091	0.0542820019349524	0.0542820019349524	83.9564507353369	0.421831161602466	NA	0	0	42	-0.454674333592874
4N-O2-A10	4N-O2-A9	4N	O2	deprived	O2	4N-O2	4N-O2-A22	10	10	0	5	5	5	507971	5144322	5	5	602504.981975369	5144322	SUM-159_NLS_4N_O2_A10_seed	459791.214384091	602504.981975369	507971	5144322	602504.981975369	TRUE	downsample_to_observed_inoculum	602504.981975369	404372	1.48997700626	0.671151296831154	602504.981975369	404372	0.0540646858990993	0.0540646858990993	83.7818468760736	0.463511346178554	NA	0	0	47	-0.534727646222252
4N-O2-A11	4N-O2-A10	4N	O2	deprived	O2	4N-O2	4N-O2-A22	11	11	0	5	5	5	404372	5122043	5	5	529329.728395821	5122043	SUM-159_NLS_4N_O2_A11_seed	404372	529329.728395821	404372	5122043	529329.728395821	TRUE	carry_forward_insufficient	529329.728395821	570354	0.928072264586242	1	529329.728395821	529329.728395821	0.0538552592818089	0.0538552592818089	83.6063376593486	0.525990411811393	NA	0	0	52	-0.670628741237682
4N-O2-A12	4N-O2-A11	4N	O2	deprived	O2	4N-O2	4N-O2-A22	12	12	0	5	5	5	570354	4840208	5	5	692211.573008982	4840208	SUM-159_NLS_4N_O2_A12_seed	529329.728395821	692211.573008982	570354	4840208	692211.573008982	TRUE	downsample_to_observed_inoculum	692211.573008982	623824	1.10962638982947	0.90120423339398	692211.573008982	623824	0.0536560214900678	0.0536560214900678	83.4315988003886	0.433757116881066	NA	0	200	57	-0.477751458563041
4N-O2-A13	4N-O2-A12	4N	O2	deprived	O2	4N-O2	4N-O2-A22	13	13	0	2	2	2	623824	1714403	2	2	694307.179700558	1714403	SUM-159_NLS_4N_O2_A13_seed	623824	694307.179700558	623824	1714403	694307.179700558	TRUE	downsample_to_observed_inoculum	694307.179700558	465640	1.49108147861128	0.670654162327432	694307.179700558	465640	0.0535231036610213	0.0535231036610213	83.3622564227165	0.505475958368874	NA	0	0	59	-0.624766375423198
4N-O2-A14	4N-O2-A13	4N	O2	deprived	O2	4N-O2	4N-O2-A22	14	14	0	10	10	10	465640	6448783	10	10	793569.491502404	6448783	SUM-159_NLS_4N_O2_A14_seed	465640	793569.491502404	465640	6448783	793569.491502404	TRUE	downsample_to_observed_inoculum	793569.491502404	613799	1.29288169498876	0.773465974401236	793569.491502404	613799	0.0533128308684331	0.0533128308684331	83.0236501251323	0.272623788377641	NA	0	0	69	-0.240746523889275
4N-O2-A15	4N-O2-A14	4N	O2	deprived	O2	4N-O2	4N-O2-A22	15	15	0	10	10	10	613799	6452125	10	10	1042826.74180364	6452125	SUM-159_NLS_4N_O2_A15_seed	613799	1042826.74180364	613799	6452125	1042826.74180364	TRUE	downsample_to_observed_inoculum	1042826.74180364	341989	3.04929907629671	0.327944217664104	1042826.74180364	341989	0.0530022812971977	0.0530022812971977	82.7038777789561	0.237448883551057	NA	0	0	79	-0.206130688685417
4N-O2-A16	4N-O2-A15	4N	O2	deprived	O2	4N-O2	4N-O2-A22	16	16	0	14	14	14	341989	7310998	14	14	715240.49439637	7310998	SUM-159_NLS_4N_O2_A16_seed	341989	715240.49439637	341989	7310998	715240.49439637	TRUE	carry_forward_insufficient	715240.49439637	841049	0.850414772975617	1	715240.49439637	715240.49439637	0.0527028763668246	0.0527028763668246	82.2960370191257	0.230244946562098	NA	0	0	93	-0.199984558707113
4N-O2-A17	4N-O2-A16	4N	O2	deprived	O2	4N-O2	4N-O2-A22	17	17	0	5	5	5	841049	6008764	5	5	929993.516762252	6008764	SUM-159_NLS_4N_O2_A17_seed	715240.49439637	929993.516762252	841049	6008764	929993.516762252	TRUE	downsample_to_observed_inoculum	929993.516762252	584835	1.59018101988125	0.628859222627796	929993.516762252	584835	0.0525117545922843	0.0525117545922843	82.1624974118526	0.404951920436638	81.3	20	0	98	-0.427923697660049
4N-O2-A18	4N-O2-A17	4N	O2	deprived	O2	4N-O2	4N-O2-A22	18	18	0	5	5	5	584835	4143976	5	5	760119.378596863	4143976	SUM-159_NLS_4N_O2_A18_seed	584835	760119.378596863	584835	4143976	760119.378596863	TRUE	downsample_to_observed_inoculum	760119.378596863	636078	1.19500969786231	0.836813292635907	760119.378596863	636078	0.0524291483760667	0.0524291483760667	82.0354112948083	0.374051598849834	NA	0	0	103	-0.376841074477897
4N-O2-A19	4N-O2-A18	4N	O2	deprived	O2	4N-O2	4N-O2-A22	19	19	0	5	5	5	636078	3730692	5	5	826420.521396136	3730692	SUM-159_NLS_4N_O2_A19_seed	636078	826420.521396136	636078	3730692	826420.521396136	TRUE	carry_forward_insufficient	826420.521396136	981409	0.84207554790728	1	826420.521396136	826420.521396136	0.052356510489469	0.052356510489469	81.9147180198339	0.352988535564483	NA	0	200	108	-0.344722091987476
4N-O2-A20	4N-O2-A19	4N	O2	deprived	O2	4N-O2	4N-O2-A22	20	20	0	3	3	3	981409	4631895	3	3	966825.514121643	4631895	SUM-159_NLS_4N_O2_A20_seed	826420.521396136	966825.514121643	981409	4631895	966825.514121643	TRUE	downsample_to_observed_inoculum	966825.514121643	678409	1.42513662719929	0.701687109091584	966825.514121643	678409	0.0523047629943226	0.0523047629943226	81.8453256559232	0.517244018805238	NA	0	0	111	-0.654046947514641
4N-O2-A21	4N-O2-A20	4N	O2	deprived	O2	4N-O2	4N-O2-A22	21	21	0	5	5	5	678409	7452472	5	5	880988.579204058	7452472	SUM-159_NLS_4N_O2_A21_seed	678409	880988.579204058	678409	7452472	880988.579204058	TRUE	downsample_to_observed_inoculum	880988.579204058	559214	1.57540508500155	0.634757377337661	880988.579204058	559214	0.0522588623014013	0.0522588623014013	81.7346107393501	0.463676864723335	NA	0	0	116	-0.538706940668904
4N-O2-A22	4N-O2-A21	4N	O2	deprived	O2	4N-O2	4N-O2-A22	22	22	0	5	5	5	559214	6963438	5	5	726016.546133898	6963438	SUM-159_NLS_4N_O2_A22_seed	559214	726016.546133898	559214	6963438	726016.546133898	TRUE	terminal_no_reseed	726016.546133898	NA	NA	1	726016.546133898	726016.546133898	0.0522081158023081	0.0522081158023081	81.6299201872383	0.485008191637359	NA	0	200	121	-0.58309610547958
