seed,primary_cluster_id,subcluster_id,objective,seed_number,curve_class,final_interpretation_class,monotonicity_reliability
8,vi_C01,vi_C01_Sc01,14.59910613834,8,inverted_u_shaped,unreliable_small_spectral_gap,unreliable_small_gap
10,vi_C01,vi_C01_Sc01,15.8443722104055,10,inverted_u_shaped,unreliable_small_spectral_gap,unreliable_small_gap
14,vi_C01,vi_C01_Sc01,15.0542789937525,14,inverted_u_shaped,unreliable_small_spectral_gap,unreliable_small_gap
15,vi_C01,vi_C01_Sc01,15.577406009114,15,inverted_u_shaped,unreliable_small_spectral_gap,unreliable_small_gap
18,vi_C01,vi_C01_Sc01,14.4618180546976,18,inverted_u_shaped,inverted_u_shaped,caution_small_gap
33,vi_C01,vi_C01_Sc01,14.6882107777492,33,monotone_increasing,monotone_increasing,reliable
51,vi_C01,vi_C01_Sc01,16.4830222684092,51,complex_nonmonotone,unreliable_small_spectral_gap,unreliable_small_gap
56,vi_C01,vi_C01_Sc01,14.8299128128921,56,inverted_u_shaped,unreliable_small_spectral_gap,unreliable_small_gap
67,vi_C01,vi_C01_Sc01,15.1102690321726,67,inverted_u_shaped,unreliable_small_spectral_gap,unreliable_small_gap
76,vi_C01,vi_C01_Sc01,15.6237417030627,76,complex_nonmonotone,unreliable_small_spectral_gap,unreliable_small_gap
80,vi_C01,vi_C01_Sc01,14.2622856799331,80,inverted_u_shaped,unreliable_small_spectral_gap,unreliable_small_gap
83,vi_C01,vi_C01_Sc01,18.6165258665108,83,inverted_u_shaped,unreliable_small_spectral_gap,unreliable_small_gap
84,vi_C01,vi_C01_Sc01,16.9420002516286,84,inverted_u_shaped,inverted_u_shaped,caution_small_gap
86,vi_C01,vi_C01_Sc01,14.6202679747629,86,inverted_u_shaped,unreliable_small_spectral_gap,unreliable_small_gap
104,vi_C01,vi_C01_Sc01,15.0555883113927,104,inverted_u_shaped,unreliable_small_spectral_gap,unreliable_small_gap
106,vi_C01,vi_C01_Sc01,14.6725577522133,106,inverted_u_shaped,inverted_u_shaped,caution_small_gap
108,vi_C01,vi_C01_Sc01,14.9269642104023,108,inverted_u_shaped,inverted_u_shaped,reliable
112,vi_C01,vi_C01_Sc01,14.9456711834741,112,inverted_u_shaped,unreliable_small_spectral_gap,unreliable_small_gap
119,vi_C01,vi_C01_Sc01,14.3232090321374,119,u_shaped,unreliable_small_spectral_gap,unreliable_small_gap
125,vi_C01,vi_C01_Sc01,14.4792241244617,125,inverted_u_shaped,unreliable_small_spectral_gap,unreliable_small_gap
136,vi_C01,vi_C01_Sc01,14.1827805379837,136,inverted_u_shaped,inverted_u_shaped,caution_small_gap
141,vi_C01,vi_C01_Sc01,15.4767801807631,141,inverted_u_shaped,unreliable_small_spectral_gap,unreliable_small_gap
142,vi_C01,vi_C01_Sc01,14.8267546833386,142,inverted_u_shaped,unreliable_small_spectral_gap,unreliable_small_gap
149,vi_C01,vi_C01_Sc01,14.3420541012032,149,inverted_u_shaped,unreliable_small_spectral_gap,unreliable_small_gap
151,vi_C01,vi_C01_Sc01,14.2109994625262,151,inverted_u_shaped,inverted_u_shaped,caution_small_gap
153,vi_C01,vi_C01_Sc01,14.635132174691,153,inverted_u_shaped,inverted_u_shaped,caution_small_gap
164,vi_C01,vi_C01_Sc01,15.9175873247269,164,inverted_u_shaped,unreliable_small_spectral_gap,unreliable_small_gap
182,vi_C01,vi_C01_Sc01,14.5888070059337,182,inverted_u_shaped,unreliable_small_spectral_gap,unreliable_small_gap
183,vi_C01,vi_C01_Sc01,14.5454959725711,183,inverted_u_shaped,inverted_u_shaped,caution_small_gap
192,vi_C01,vi_C01_Sc01,15.4435800622818,192,inverted_u_shaped,unreliable_small_spectral_gap,unreliable_small_gap
196,vi_C01,vi_C01_Sc01,15.0552734296545,196,inverted_u_shaped,unreliable_small_spectral_gap,unreliable_small_gap
198,vi_C01,vi_C01_Sc01,14.3947628218579,198,monotone_increasing,monotone_increasing,reliable
202,vi_C01,vi_C01_Sc01,14.9356458374066,202,inverted_u_shaped,unreliable_small_spectral_gap,unreliable_small_gap
211,vi_C01,vi_C01_Sc01,14.3554695425058,211,monotone_increasing,unreliable_small_spectral_gap,unreliable_small_gap
212,vi_C01,vi_C01_Sc01,14.8283380745677,212,inverted_u_shaped,unreliable_small_spectral_gap,unreliable_small_gap
213,vi_C01,vi_C01_Sc01,14.2737769536672,213,inverted_u_shaped,unreliable_small_spectral_gap,unreliable_small_gap
221,vi_C01,vi_C01_Sc01,14.4127033115768,221,inverted_u_shaped,inverted_u_shaped,caution_small_gap
255,vi_C01,vi_C01_Sc01,15.5076195879263,255,inverted_u_shaped,unreliable_small_spectral_gap,unreliable_small_gap
261,vi_C01,vi_C01_Sc01,15.191965691947,261,complex_nonmonotone,unreliable_small_spectral_gap,unreliable_small_gap
268,vi_C01,vi_C01_Sc01,15.0811946582069,268,inverted_u_shaped,unreliable_small_spectral_gap,unreliable_small_gap
270,vi_C01,vi_C01_Sc01,15.4727984467729,270,inverted_u_shaped,unreliable_small_spectral_gap,unreliable_small_gap
281,vi_C01,vi_C01_Sc01,14.6066431703641,281,complex_nonmonotone,unreliable_small_spectral_gap,unreliable_small_gap
291,vi_C01,vi_C01_Sc01,14.7490347936201,291,inverted_u_shaped,inverted_u_shaped,caution_small_gap
300,vi_C01,vi_C01_Sc01,14.3445624703916,300,complex_nonmonotone,unreliable_small_spectral_gap,unreliable_small_gap
303,vi_C01,vi_C01_Sc01,14.3937022134963,303,complex_nonmonotone,unreliable_small_spectral_gap,unreliable_small_gap
304,vi_C01,vi_C01_Sc01,14.479321083753,304,inverted_u_shaped,unreliable_small_spectral_gap,unreliable_small_gap
320,vi_C01,vi_C01_Sc01,14.6357450619148,320,inverted_u_shaped,inverted_u_shaped,caution_small_gap
321,vi_C01,vi_C01_Sc01,15.2683517516724,321,complex_nonmonotone,unreliable_small_spectral_gap,unreliable_small_gap
336,vi_C01,vi_C01_Sc01,15.0194976860659,336,inverted_u_shaped,inverted_u_shaped,caution_small_gap
338,vi_C01,vi_C01_Sc01,14.4031495194268,338,inverted_u_shaped,inverted_u_shaped,caution_small_gap
342,vi_C01,vi_C01_Sc01,16.1323975469089,342,complex_nonmonotone,unreliable_small_spectral_gap,unreliable_small_gap
343,vi_C01,vi_C01_Sc01,14.7702793852123,343,monotone_increasing,unreliable_small_spectral_gap,unreliable_small_gap
350,vi_C01,vi_C01_Sc01,15.5715392425666,350,complex_nonmonotone,unreliable_small_spectral_gap,unreliable_small_gap
351,vi_C01,vi_C01_Sc01,14.619521302283,351,complex_nonmonotone,unreliable_small_spectral_gap,unreliable_small_gap
354,vi_C01,vi_C01_Sc01,16.105946548055,354,monotone_increasing,unreliable_small_spectral_gap,unreliable_small_gap
360,vi_C01,vi_C01_Sc01,15.7190505387469,360,u_shaped,unreliable_small_spectral_gap,unreliable_small_gap
363,vi_C01,vi_C01_Sc01,14.9898037056304,363,u_shaped,unreliable_small_spectral_gap,unreliable_small_gap
366,vi_C01,vi_C01_Sc01,14.1340195166425,366,inverted_u_shaped,unreliable_small_spectral_gap,unreliable_small_gap
367,vi_C01,vi_C01_Sc01,15.857412330271,367,inverted_u_shaped,unreliable_small_spectral_gap,unreliable_small_gap
373,vi_C01,vi_C01_Sc01,14.8431899483084,373,inverted_u_shaped,inverted_u_shaped,caution_small_gap
377,vi_C01,vi_C01_Sc01,16.0216567278227,377,monotone_increasing,monotone_increasing,reliable
385,vi_C01,vi_C01_Sc01,15.0943462036252,385,inverted_u_shaped,inverted_u_shaped,caution_small_gap
391,vi_C01,vi_C01_Sc01,14.1552830094769,391,inverted_u_shaped,inverted_u_shaped,caution_small_gap
392,vi_C01,vi_C01_Sc01,14.1405923733734,392,inverted_u_shaped,inverted_u_shaped,caution_small_gap
401,vi_C01,vi_C01_Sc01,14.4457065744942,401,inverted_u_shaped,inverted_u_shaped,caution_small_gap
412,vi_C01,vi_C01_Sc01,15.1643475156436,412,inverted_u_shaped,unreliable_small_spectral_gap,unreliable_small_gap
418,vi_C01,vi_C01_Sc01,15.3421778220828,418,inverted_u_shaped,unreliable_small_spectral_gap,unreliable_small_gap
422,vi_C01,vi_C01_Sc01,14.6766063548329,422,complex_nonmonotone,unreliable_small_spectral_gap,unreliable_small_gap
437,vi_C01,vi_C01_Sc01,14.5320564508187,437,inverted_u_shaped,inverted_u_shaped,caution_small_gap
461,vi_C01,vi_C01_Sc01,14.708597162462,461,inverted_u_shaped,unreliable_small_spectral_gap,unreliable_small_gap
462,vi_C01,vi_C01_Sc01,14.2459972225785,462,inverted_u_shaped,inverted_u_shaped,caution_small_gap
463,vi_C01,vi_C01_Sc01,14.6842202396694,463,inverted_u_shaped,inverted_u_shaped,caution_small_gap
480,vi_C01,vi_C01_Sc01,14.6779783627975,480,inverted_u_shaped,inverted_u_shaped,caution_small_gap
481,vi_C01,vi_C01_Sc01,15.2245637403853,481,inverted_u_shaped,unreliable_small_spectral_gap,unreliable_small_gap
490,vi_C01,vi_C01_Sc01,14.7421944498282,490,inverted_u_shaped,unreliable_small_spectral_gap,unreliable_small_gap
493,vi_C01,vi_C01_Sc01,15.0840421897196,493,monotone_increasing,monotone_increasing,reliable
498,vi_C01,vi_C01_Sc01,14.2599499346324,498,inverted_u_shaped,unreliable_small_spectral_gap,unreliable_small_gap
62,vi_C01,vi_C01_Sc02,15.6498438070802,62,complex_nonmonotone,unreliable_small_spectral_gap,unreliable_small_gap
82,vi_C01,vi_C01_Sc02,16.4985177675991,82,u_shaped,unreliable_small_spectral_gap,unreliable_small_gap
111,vi_C01,vi_C01_Sc02,15.4583464389937,111,complex_nonmonotone,unreliable_small_spectral_gap,unreliable_small_gap
123,vi_C01,vi_C01_Sc02,18.4770677036942,123,complex_nonmonotone,unreliable_small_spectral_gap,unreliable_small_gap
127,vi_C01,vi_C01_Sc02,15.7795381464619,127,inverted_u_shaped,unreliable_small_spectral_gap,unreliable_small_gap
154,vi_C01,vi_C01_Sc02,16.0855942484328,154,complex_nonmonotone,unreliable_small_spectral_gap,unreliable_small_gap
243,vi_C01,vi_C01_Sc02,15.0078833098052,243,inverted_u_shaped,unreliable_small_spectral_gap,unreliable_small_gap
247,vi_C01,vi_C01_Sc02,16.3761581821731,247,complex_nonmonotone,complex_nonmonotone,caution_small_gap
249,vi_C01,vi_C01_Sc02,15.4443965953244,249,complex_nonmonotone,unreliable_small_spectral_gap,unreliable_small_gap
257,vi_C01,vi_C01_Sc02,15.1237270478845,257,complex_nonmonotone,unreliable_small_spectral_gap,unreliable_small_gap
267,vi_C01,vi_C01_Sc02,15.219539371695,267,complex_nonmonotone,unreliable_small_spectral_gap,unreliable_small_gap
276,vi_C01,vi_C01_Sc02,15.5886822809226,276,inverted_u_shaped,unreliable_small_spectral_gap,unreliable_small_gap
290,vi_C01,vi_C01_Sc02,14.9903319373581,290,complex_nonmonotone,unreliable_small_spectral_gap,unreliable_small_gap
302,vi_C01,vi_C01_Sc02,18.2012458846135,302,u_shaped,unreliable_small_spectral_gap,unreliable_small_gap
306,vi_C01,vi_C01_Sc02,15.4342469145988,306,complex_nonmonotone,unreliable_small_spectral_gap,unreliable_small_gap
312,vi_C01,vi_C01_Sc02,15.1144403389313,312,complex_nonmonotone,unreliable_small_spectral_gap,unreliable_small_gap
407,vi_C01,vi_C01_Sc02,19.1069848078908,407,complex_nonmonotone,unreliable_small_spectral_gap,unreliable_small_gap
409,vi_C01,vi_C01_Sc02,15.3529940266886,409,complex_nonmonotone,unreliable_small_spectral_gap,unreliable_small_gap
413,vi_C01,vi_C01_Sc02,15.717493312723,413,inverted_u_shaped,unreliable_small_spectral_gap,unreliable_small_gap
433,vi_C01,vi_C01_Sc02,16.3786348343136,433,complex_nonmonotone,complex_nonmonotone,caution_small_gap
434,vi_C01,vi_C01_Sc02,18.807754239088,434,complex_nonmonotone,unreliable_small_spectral_gap,unreliable_small_gap
464,vi_C01,vi_C01_Sc02,19.9731457731525,464,complex_nonmonotone,unreliable_small_spectral_gap,unreliable_small_gap
3,vi_C02,vi_C02_Sc01,14.458109180594,3,monotone_increasing,monotone_increasing,caution_small_gap
5,vi_C02,vi_C02_Sc01,15.3433158545905,5,inverted_u_shaped,inverted_u_shaped,caution_small_gap
6,vi_C02,vi_C02_Sc01,14.195932649505,6,inverted_u_shaped,inverted_u_shaped,caution_small_gap
11,vi_C02,vi_C02_Sc01,14.3378440464882,11,inverted_u_shaped,unreliable_small_spectral_gap,unreliable_small_gap
12,vi_C02,vi_C02_Sc01,14.3619344236707,12,inverted_u_shaped,unreliable_small_spectral_gap,unreliable_small_gap
13,vi_C02,vi_C02_Sc01,14.8800857905152,13,complex_nonmonotone,complex_nonmonotone,caution_small_gap
16,vi_C02,vi_C02_Sc01,14.2087521920919,16,inverted_u_shaped,unreliable_small_spectral_gap,unreliable_small_gap
20,vi_C02,vi_C02_Sc01,16.1903015779556,20,complex_nonmonotone,unreliable_small_spectral_gap,unreliable_small_gap
22,vi_C02,vi_C02_Sc01,16.0151670723314,22,complex_nonmonotone,complex_nonmonotone,caution_small_gap
24,vi_C02,vi_C02_Sc01,14.2358712089144,24,u_shaped,u_shaped,caution_small_gap
25,vi_C02,vi_C02_Sc01,14.1193277940156,25,inverted_u_shaped,inverted_u_shaped,caution_small_gap
26,vi_C02,vi_C02_Sc01,14.1747852749872,26,inverted_u_shaped,inverted_u_shaped,caution_small_gap
27,vi_C02,vi_C02_Sc01,15.6467898501536,27,complex_nonmonotone,complex_nonmonotone,caution_small_gap
30,vi_C02,vi_C02_Sc01,15.8543110070699,30,complex_nonmonotone,unreliable_small_spectral_gap,unreliable_small_gap
32,vi_C02,vi_C02_Sc01,16.2236986019864,32,inverted_u_shaped,inverted_u_shaped,reliable
34,vi_C02,vi_C02_Sc01,14.346985391902,34,complex_nonmonotone,complex_nonmonotone,caution_small_gap
36,vi_C02,vi_C02_Sc01,15.2655277560486,36,complex_nonmonotone,unreliable_small_spectral_gap,unreliable_small_gap
37,vi_C02,vi_C02_Sc01,14.7367679442088,37,complex_nonmonotone,complex_nonmonotone,caution_small_gap
39,vi_C02,vi_C02_Sc01,14.7073876879555,39,complex_nonmonotone,complex_nonmonotone,reliable
40,vi_C02,vi_C02_Sc01,14.713094115042,40,complex_nonmonotone,complex_nonmonotone,caution_small_gap
42,vi_C02,vi_C02_Sc01,14.3297399576968,42,complex_nonmonotone,complex_nonmonotone,caution_small_gap
45,vi_C02,vi_C02_Sc01,15.9217021782555,45,inverted_u_shaped,unreliable_small_spectral_gap,unreliable_small_gap
46,vi_C02,vi_C02_Sc01,15.0246603666464,46,u_shaped,unreliable_small_spectral_gap,unreliable_small_gap
47,vi_C02,vi_C02_Sc01,14.8386700896145,47,complex_nonmonotone,complex_nonmonotone,caution_small_gap
49,vi_C02,vi_C02_Sc01,16.1457705313138,49,complex_nonmonotone,unreliable_small_spectral_gap,unreliable_small_gap
53,vi_C02,vi_C02_Sc01,14.7849892907136,53,complex_nonmonotone,complex_nonmonotone,reliable
54,vi_C02,vi_C02_Sc01,14.5734700382909,54,inverted_u_shaped,inverted_u_shaped,reliable
55,vi_C02,vi_C02_Sc01,14.9609387276027,55,complex_nonmonotone,complex_nonmonotone,reliable
58,vi_C02,vi_C02_Sc01,14.3593389433226,58,inverted_u_shaped,inverted_u_shaped,caution_small_gap
60,vi_C02,vi_C02_Sc01,14.5807915963844,60,inverted_u_shaped,inverted_u_shaped,reliable
63,vi_C02,vi_C02_Sc01,14.4598905255843,63,complex_nonmonotone,complex_nonmonotone,reliable
65,vi_C02,vi_C02_Sc01,14.3219876261131,65,inverted_u_shaped,inverted_u_shaped,caution_small_gap
69,vi_C02,vi_C02_Sc01,15.5886473278901,69,complex_nonmonotone,unreliable_small_spectral_gap,unreliable_small_gap
73,vi_C02,vi_C02_Sc01,14.3798812056278,73,complex_nonmonotone,complex_nonmonotone,caution_small_gap
74,vi_C02,vi_C02_Sc01,14.2013422413384,74,u_shaped,u_shaped,caution_small_gap
75,vi_C02,vi_C02_Sc01,15.363095781516,75,complex_nonmonotone,unreliable_small_spectral_gap,unreliable_small_gap
79,vi_C02,vi_C02_Sc01,14.5100850006914,79,complex_nonmonotone,unreliable_small_spectral_gap,unreliable_small_gap
81,vi_C02,vi_C02_Sc01,14.5585468769531,81,inverted_u_shaped,unreliable_small_spectral_gap,unreliable_small_gap
85,vi_C02,vi_C02_Sc01,14.5738872017803,85,complex_nonmonotone,complex_nonmonotone,caution_small_gap
89,vi_C02,vi_C02_Sc01,14.8478107896625,89,inverted_u_shaped,inverted_u_shaped,caution_small_gap
90,vi_C02,vi_C02_Sc01,14.1524469940988,90,monotone_decreasing,monotone_decreasing,caution_small_gap
91,vi_C02,vi_C02_Sc01,14.6014918877353,91,inverted_u_shaped,inverted_u_shaped,caution_small_gap
92,vi_C02,vi_C02_Sc01,14.4337453216442,92,complex_nonmonotone,complex_nonmonotone,reliable
93,vi_C02,vi_C02_Sc01,16.7519765164397,93,complex_nonmonotone,unreliable_small_spectral_gap,unreliable_small_gap
94,vi_C02,vi_C02_Sc01,14.4233253806748,94,complex_nonmonotone,complex_nonmonotone,caution_small_gap
95,vi_C02,vi_C02_Sc01,14.2617763056677,95,complex_nonmonotone,unreliable_small_spectral_gap,unreliable_small_gap
96,vi_C02,vi_C02_Sc01,14.4716795879501,96,complex_nonmonotone,complex_nonmonotone,reliable
100,vi_C02,vi_C02_Sc01,14.9921574256091,100,complex_nonmonotone,unreliable_small_spectral_gap,unreliable_small_gap
101,vi_C02,vi_C02_Sc01,15.2787012195287,101,complex_nonmonotone,unreliable_small_spectral_gap,unreliable_small_gap
102,vi_C02,vi_C02_Sc01,15.2016768723447,102,inverted_u_shaped,unreliable_small_spectral_gap,unreliable_small_gap
103,vi_C02,vi_C02_Sc01,14.3721078029815,103,inverted_u_shaped,unreliable_small_spectral_gap,unreliable_small_gap
107,vi_C02,vi_C02_Sc01,14.3444902431891,107,complex_nonmonotone,unreliable_small_spectral_gap,unreliable_small_gap
109,vi_C02,vi_C02_Sc01,14.1723513719332,109,complex_nonmonotone,complex_nonmonotone,caution_small_gap
113,vi_C02,vi_C02_Sc01,15.1456592999338,113,complex_nonmonotone,complex_nonmonotone,reliable
116,vi_C02,vi_C02_Sc01,16.3796252148195,116,complex_nonmonotone,complex_nonmonotone,caution_small_gap
117,vi_C02,vi_C02_Sc01,15.8810166564363,117,inverted_u_shaped,unreliable_small_spectral_gap,unreliable_small_gap
124,vi_C02,vi_C02_Sc01,14.5400133876944,124,complex_nonmonotone,complex_nonmonotone,caution_small_gap
126,vi_C02,vi_C02_Sc01,14.391366696399,126,complex_nonmonotone,complex_nonmonotone,reliable
128,vi_C02,vi_C02_Sc01,14.43852085345,128,inverted_u_shaped,inverted_u_shaped,caution_small_gap
130,vi_C02,vi_C02_Sc01,14.3522969930793,130,complex_nonmonotone,complex_nonmonotone,caution_small_gap
131,vi_C02,vi_C02_Sc01,15.0964657528719,131,inverted_u_shaped,unreliable_small_spectral_gap,unreliable_small_gap
132,vi_C02,vi_C02_Sc01,14.303723535736,132,inverted_u_shaped,unreliable_small_spectral_gap,unreliable_small_gap
134,vi_C02,vi_C02_Sc01,14.9931067543501,134,complex_nonmonotone,unreliable_small_spectral_gap,unreliable_small_gap
137,vi_C02,vi_C02_Sc01,14.5283978538405,137,complex_nonmonotone,complex_nonmonotone,caution_small_gap
139,vi_C02,vi_C02_Sc01,14.2709854843277,139,u_shaped,unreliable_small_spectral_gap,unreliable_small_gap
143,vi_C02,vi_C02_Sc01,14.9680572031137,143,inverted_u_shaped,unreliable_small_spectral_gap,unreliable_small_gap
145,vi_C02,vi_C02_Sc01,14.3515645555648,145,complex_nonmonotone,complex_nonmonotone,caution_small_gap
148,vi_C02,vi_C02_Sc01,15.783638391811,148,complex_nonmonotone,unreliable_small_spectral_gap,unreliable_small_gap
155,vi_C02,vi_C02_Sc01,14.5414191854272,155,complex_nonmonotone,complex_nonmonotone,caution_small_gap
157,vi_C02,vi_C02_Sc01,15.9080613262338,157,complex_nonmonotone,unreliable_small_spectral_gap,unreliable_small_gap
158,vi_C02,vi_C02_Sc01,14.8833162184936,158,monotone_increasing,monotone_increasing,caution_small_gap
163,vi_C02,vi_C02_Sc01,14.4217941382111,163,complex_nonmonotone,complex_nonmonotone,caution_small_gap
165,vi_C02,vi_C02_Sc01,14.2097748650035,165,inverted_u_shaped,inverted_u_shaped,caution_small_gap
166,vi_C02,vi_C02_Sc01,14.7492487811089,166,complex_nonmonotone,unreliable_small_spectral_gap,unreliable_small_gap
169,vi_C02,vi_C02_Sc01,14.3334932764461,169,monotone_increasing,monotone_increasing,caution_small_gap
170,vi_C02,vi_C02_Sc01,15.9051734457448,170,complex_nonmonotone,unreliable_small_spectral_gap,unreliable_small_gap
171,vi_C02,vi_C02_Sc01,14.7027103013513,171,inverted_u_shaped,unreliable_small_spectral_gap,unreliable_small_gap
173,vi_C02,vi_C02_Sc01,14.2970020463567,173,complex_nonmonotone,complex_nonmonotone,caution_small_gap
174,vi_C02,vi_C02_Sc01,16.54477277263,174,u_shaped,unreliable_small_spectral_gap,unreliable_small_gap
175,vi_C02,vi_C02_Sc01,14.7273787744903,175,complex_nonmonotone,unreliable_small_spectral_gap,unreliable_small_gap
177,vi_C02,vi_C02_Sc01,14.2928279014721,177,u_shaped,u_shaped,caution_small_gap
180,vi_C02,vi_C02_Sc01,15.142496320558,180,inverted_u_shaped,unreliable_small_spectral_gap,unreliable_small_gap
184,vi_C02,vi_C02_Sc01,16.1823651267635,184,u_shaped,unreliable_small_spectral_gap,unreliable_small_gap
185,vi_C02,vi_C02_Sc01,15.5733149944972,185,complex_nonmonotone,unreliable_small_spectral_gap,unreliable_small_gap
189,vi_C02,vi_C02_Sc01,15.1417638071438,189,monotone_increasing,monotone_increasing,reliable
193,vi_C02,vi_C02_Sc01,15.8185836619748,193,inverted_u_shaped,inverted_u_shaped,reliable
194,vi_C02,vi_C02_Sc01,15.2745065474322,194,complex_nonmonotone,unreliable_small_spectral_gap,unreliable_small_gap
195,vi_C02,vi_C02_Sc01,14.3584660397453,195,complex_nonmonotone,complex_nonmonotone,caution_small_gap
197,vi_C02,vi_C02_Sc01,14.5226024577191,197,complex_nonmonotone,unreliable_small_spectral_gap,unreliable_small_gap
199,vi_C02,vi_C02_Sc01,14.7591669870399,199,complex_nonmonotone,unreliable_small_spectral_gap,unreliable_small_gap
200,vi_C02,vi_C02_Sc01,14.4696658867772,200,complex_nonmonotone,unreliable_small_spectral_gap,unreliable_small_gap
206,vi_C02,vi_C02_Sc01,14.9208388629254,206,complex_nonmonotone,unreliable_small_spectral_gap,unreliable_small_gap
208,vi_C02,vi_C02_Sc01,15.0634281638093,208,inverted_u_shaped,unreliable_small_spectral_gap,unreliable_small_gap
210,vi_C02,vi_C02_Sc01,14.5542856328417,210,complex_nonmonotone,complex_nonmonotone,caution_small_gap
215,vi_C02,vi_C02_Sc01,14.2505236657745,215,inverted_u_shaped,inverted_u_shaped,caution_small_gap
216,vi_C02,vi_C02_Sc01,14.6743392392298,216,complex_nonmonotone,unreliable_small_spectral_gap,unreliable_small_gap
219,vi_C02,vi_C02_Sc01,14.2879960037072,219,inverted_u_shaped,unreliable_small_spectral_gap,unreliable_small_gap
222,vi_C02,vi_C02_Sc01,14.3259836046868,222,complex_nonmonotone,complex_nonmonotone,reliable
224,vi_C02,vi_C02_Sc01,15.3848845354246,224,complex_nonmonotone,unreliable_small_spectral_gap,unreliable_small_gap
225,vi_C02,vi_C02_Sc01,16.0837822355842,225,complex_nonmonotone,complex_nonmonotone,caution_small_gap
227,vi_C02,vi_C02_Sc01,15.0398741125523,227,inverted_u_shaped,unreliable_small_spectral_gap,unreliable_small_gap
233,vi_C02,vi_C02_Sc01,14.3412661663138,233,inverted_u_shaped,inverted_u_shaped,caution_small_gap
234,vi_C02,vi_C02_Sc01,14.5657923547196,234,inverted_u_shaped,unreliable_small_spectral_gap,unreliable_small_gap
237,vi_C02,vi_C02_Sc01,14.3656293823703,237,complex_nonmonotone,complex_nonmonotone,reliable
238,vi_C02,vi_C02_Sc01,15.6642395449516,238,complex_nonmonotone,unreliable_small_spectral_gap,unreliable_small_gap
239,vi_C02,vi_C02_Sc01,14.2538482812744,239,monotone_increasing,monotone_increasing,caution_small_gap
240,vi_C02,vi_C02_Sc01,14.414646202257,240,complex_nonmonotone,complex_nonmonotone,caution_small_gap
242,vi_C02,vi_C02_Sc01,14.3048220968979,242,complex_nonmonotone,complex_nonmonotone,caution_small_gap
245,vi_C02,vi_C02_Sc01,14.3580455521939,245,inverted_u_shaped,unreliable_small_spectral_gap,unreliable_small_gap
250,vi_C02,vi_C02_Sc01,15.2128380738066,250,complex_nonmonotone,unreliable_small_spectral_gap,unreliable_small_gap
252,vi_C02,vi_C02_Sc01,14.2423447491163,252,complex_nonmonotone,complex_nonmonotone,caution_small_gap
254,vi_C02,vi_C02_Sc01,14.2049570089588,254,complex_nonmonotone,complex_nonmonotone,caution_small_gap
258,vi_C02,vi_C02_Sc01,16.4240038981573,258,complex_nonmonotone,unreliable_small_spectral_gap,unreliable_small_gap
260,vi_C02,vi_C02_Sc01,14.449502607771,260,monotone_increasing,monotone_increasing,caution_small_gap
262,vi_C02,vi_C02_Sc01,14.4726592708472,262,complex_nonmonotone,complex_nonmonotone,caution_small_gap
263,vi_C02,vi_C02_Sc01,15.0259164887243,263,complex_nonmonotone,unreliable_small_spectral_gap,unreliable_small_gap
264,vi_C02,vi_C02_Sc01,14.155814973853,264,inverted_u_shaped,unreliable_small_spectral_gap,unreliable_small_gap
265,vi_C02,vi_C02_Sc01,14.6529211108536,265,inverted_u_shaped,unreliable_small_spectral_gap,unreliable_small_gap
271,vi_C02,vi_C02_Sc01,14.6233490508228,271,complex_nonmonotone,complex_nonmonotone,reliable
274,vi_C02,vi_C02_Sc01,14.6083630995605,274,complex_nonmonotone,complex_nonmonotone,caution_small_gap
275,vi_C02,vi_C02_Sc01,14.8340198626337,275,complex_nonmonotone,unreliable_small_spectral_gap,unreliable_small_gap
279,vi_C02,vi_C02_Sc01,14.4357638089529,279,complex_nonmonotone,complex_nonmonotone,caution_small_gap
280,vi_C02,vi_C02_Sc01,14.6906610813059,280,complex_nonmonotone,unreliable_small_spectral_gap,unreliable_small_gap
282,vi_C02,vi_C02_Sc01,15.5732206758499,282,inverted_u_shaped,inverted_u_shaped,caution_small_gap
283,vi_C02,vi_C02_Sc01,14.7342079510933,283,inverted_u_shaped,unreliable_small_spectral_gap,unreliable_small_gap
286,vi_C02,vi_C02_Sc01,14.9700059558373,286,complex_nonmonotone,complex_nonmonotone,caution_small_gap
287,vi_C02,vi_C02_Sc01,14.4240963323671,287,complex_nonmonotone,complex_nonmonotone,caution_small_gap
288,vi_C02,vi_C02_Sc01,16.0735325881446,288,complex_nonmonotone,unreliable_small_spectral_gap,unreliable_small_gap
292,vi_C02,vi_C02_Sc01,14.1371976265361,292,inverted_u_shaped,unreliable_small_spectral_gap,unreliable_small_gap
294,vi_C02,vi_C02_Sc01,14.2765083530706,294,complex_nonmonotone,complex_nonmonotone,caution_small_gap
295,vi_C02,vi_C02_Sc01,15.2736712628483,295,complex_nonmonotone,complex_nonmonotone,caution_small_gap
297,vi_C02,vi_C02_Sc01,15.3024029230789,297,complex_nonmonotone,unreliable_small_spectral_gap,unreliable_small_gap
298,vi_C02,vi_C02_Sc01,15.3718300697027,298,complex_nonmonotone,complex_nonmonotone,reliable
299,vi_C02,vi_C02_Sc01,14.7508580966276,299,inverted_u_shaped,inverted_u_shaped,reliable
305,vi_C02,vi_C02_Sc01,14.5732147955106,305,inverted_u_shaped,unreliable_small_spectral_gap,unreliable_small_gap
309,vi_C02,vi_C02_Sc01,14.8689795848396,309,inverted_u_shaped,inverted_u_shaped,reliable
310,vi_C02,vi_C02_Sc01,14.4211559244957,310,complex_nonmonotone,complex_nonmonotone,caution_small_gap
314,vi_C02,vi_C02_Sc01,14.3714204329495,314,complex_nonmonotone,complex_nonmonotone,reliable
316,vi_C02,vi_C02_Sc01,14.25393137561,316,inverted_u_shaped,inverted_u_shaped,caution_small_gap
317,vi_C02,vi_C02_Sc01,14.2398553448358,317,complex_nonmonotone,complex_nonmonotone,caution_small_gap
319,vi_C02,vi_C02_Sc01,15.2274042949981,319,u_shaped,unreliable_small_spectral_gap,unreliable_small_gap
323,vi_C02,vi_C02_Sc01,14.6244393701297,323,complex_nonmonotone,unreliable_small_spectral_gap,unreliable_small_gap
324,vi_C02,vi_C02_Sc01,14.4306569873086,324,complex_nonmonotone,complex_nonmonotone,caution_small_gap
325,vi_C02,vi_C02_Sc01,14.396501366118,325,complex_nonmonotone,complex_nonmonotone,caution_small_gap
329,vi_C02,vi_C02_Sc01,14.5883033849244,329,complex_nonmonotone,complex_nonmonotone,caution_small_gap
331,vi_C02,vi_C02_Sc01,15.9115043845752,331,complex_nonmonotone,complex_nonmonotone,caution_small_gap
334,vi_C02,vi_C02_Sc01,14.4167032208207,334,inverted_u_shaped,inverted_u_shaped,caution_small_gap
341,vi_C02,vi_C02_Sc01,15.6554591490108,341,complex_nonmonotone,unreliable_small_spectral_gap,unreliable_small_gap
344,vi_C02,vi_C02_Sc01,14.9167050315414,344,complex_nonmonotone,complex_nonmonotone,reliable
347,vi_C02,vi_C02_Sc01,14.7731695277501,347,inverted_u_shaped,inverted_u_shaped,caution_small_gap
352,vi_C02,vi_C02_Sc01,15.1355673127931,352,complex_nonmonotone,unreliable_small_spectral_gap,unreliable_small_gap
356,vi_C02,vi_C02_Sc01,15.4969394692846,356,complex_nonmonotone,unreliable_small_spectral_gap,unreliable_small_gap
358,vi_C02,vi_C02_Sc01,14.6136269153481,358,monotone_increasing,unreliable_small_spectral_gap,unreliable_small_gap
359,vi_C02,vi_C02_Sc01,14.2127975491178,359,inverted_u_shaped,inverted_u_shaped,caution_small_gap
365,vi_C02,vi_C02_Sc01,15.1110392603585,365,complex_nonmonotone,complex_nonmonotone,caution_small_gap
369,vi_C02,vi_C02_Sc01,15.4793186473237,369,complex_nonmonotone,unreliable_small_spectral_gap,unreliable_small_gap
370,vi_C02,vi_C02_Sc01,14.282188904447,370,complex_nonmonotone,complex_nonmonotone,caution_small_gap
378,vi_C02,vi_C02_Sc01,15.7262278601514,378,complex_nonmonotone,complex_nonmonotone,caution_small_gap
380,vi_C02,vi_C02_Sc01,15.6281005393653,380,complex_nonmonotone,complex_nonmonotone,caution_small_gap
382,vi_C02,vi_C02_Sc01,14.6514681401694,382,complex_nonmonotone,complex_nonmonotone,caution_small_gap
386,vi_C02,vi_C02_Sc01,14.4367862602317,386,complex_nonmonotone,unreliable_small_spectral_gap,unreliable_small_gap
388,vi_C02,vi_C02_Sc01,14.5328123575895,388,complex_nonmonotone,complex_nonmonotone,caution_small_gap
389,vi_C02,vi_C02_Sc01,14.5666867632843,389,u_shaped,unreliable_small_spectral_gap,unreliable_small_gap
393,vi_C02,vi_C02_Sc01,15.9543701304705,393,inverted_u_shaped,unreliable_small_spectral_gap,unreliable_small_gap
394,vi_C02,vi_C02_Sc01,15.9548120888732,394,complex_nonmonotone,unreliable_small_spectral_gap,unreliable_small_gap
402,vi_C02,vi_C02_Sc01,14.3341569609953,402,inverted_u_shaped,inverted_u_shaped,caution_small_gap
404,vi_C02,vi_C02_Sc01,17.4333966109155,404,complex_nonmonotone,unreliable_small_spectral_gap,unreliable_small_gap
406,vi_C02,vi_C02_Sc01,16.0836397427301,406,complex_nonmonotone,unreliable_small_spectral_gap,unreliable_small_gap
408,vi_C02,vi_C02_Sc01,14.6681762553658,408,inverted_u_shaped,unreliable_small_spectral_gap,unreliable_small_gap
414,vi_C02,vi_C02_Sc01,14.3329857139614,414,inverted_u_shaped,unreliable_small_spectral_gap,unreliable_small_gap
415,vi_C02,vi_C02_Sc01,15.9274580623508,415,complex_nonmonotone,unreliable_small_spectral_gap,unreliable_small_gap
416,vi_C02,vi_C02_Sc01,15.1445621693167,416,complex_nonmonotone,complex_nonmonotone,caution_small_gap
417,vi_C02,vi_C02_Sc01,14.4537995851657,417,inverted_u_shaped,unreliable_small_spectral_gap,unreliable_small_gap
419,vi_C02,vi_C02_Sc01,14.365922371485,419,inverted_u_shaped,inverted_u_shaped,reliable
424,vi_C02,vi_C02_Sc01,14.3196827741481,424,inverted_u_shaped,inverted_u_shaped,caution_small_gap
426,vi_C02,vi_C02_Sc01,14.5505543868808,426,complex_nonmonotone,unreliable_small_spectral_gap,unreliable_small_gap
427,vi_C02,vi_C02_Sc01,14.5687573889887,427,complex_nonmonotone,complex_nonmonotone,caution_small_gap
432,vi_C02,vi_C02_Sc01,14.6625987235712,432,complex_nonmonotone,complex_nonmonotone,caution_small_gap
435,vi_C02,vi_C02_Sc01,14.2198899018058,435,complex_nonmonotone,complex_nonmonotone,caution_small_gap
438,vi_C02,vi_C02_Sc01,15.2896867933423,438,complex_nonmonotone,unreliable_small_spectral_gap,unreliable_small_gap
439,vi_C02,vi_C02_Sc01,14.5116349638739,439,inverted_u_shaped,unreliable_small_spectral_gap,unreliable_small_gap
440,vi_C02,vi_C02_Sc01,14.408081192283,440,inverted_u_shaped,inverted_u_shaped,caution_small_gap
441,vi_C02,vi_C02_Sc01,14.5442544911789,441,inverted_u_shaped,inverted_u_shaped,caution_small_gap
442,vi_C02,vi_C02_Sc01,15.5717398140999,442,complex_nonmonotone,complex_nonmonotone,caution_small_gap
447,vi_C02,vi_C02_Sc01,14.8191105546688,447,inverted_u_shaped,inverted_u_shaped,reliable
448,vi_C02,vi_C02_Sc01,15.0441280711982,448,inverted_u_shaped,unreliable_small_spectral_gap,unreliable_small_gap
450,vi_C02,vi_C02_Sc01,15.2584541999124,450,complex_nonmonotone,unreliable_small_spectral_gap,unreliable_small_gap
451,vi_C02,vi_C02_Sc01,16.2953176180556,451,complex_nonmonotone,complex_nonmonotone,reliable
452,vi_C02,vi_C02_Sc01,14.6565337183469,452,complex_nonmonotone,complex_nonmonotone,caution_small_gap
453,vi_C02,vi_C02_Sc01,15.2212665277521,453,complex_nonmonotone,unreliable_small_spectral_gap,unreliable_small_gap
458,vi_C02,vi_C02_Sc01,15.6542253650281,458,complex_nonmonotone,complex_nonmonotone,reliable
459,vi_C02,vi_C02_Sc01,14.2765386009995,459,complex_nonmonotone,unreliable_small_spectral_gap,unreliable_small_gap
460,vi_C02,vi_C02_Sc01,15.3803879827944,460,complex_nonmonotone,unreliable_small_spectral_gap,unreliable_small_gap
466,vi_C02,vi_C02_Sc01,15.7560273855254,466,complex_nonmonotone,complex_nonmonotone,caution_small_gap
469,vi_C02,vi_C02_Sc01,14.4400830615129,469,u_shaped,unreliable_small_spectral_gap,unreliable_small_gap
470,vi_C02,vi_C02_Sc01,15.4274263579688,470,u_shaped,unreliable_small_spectral_gap,unreliable_small_gap
472,vi_C02,vi_C02_Sc01,14.2712878876623,472,complex_nonmonotone,complex_nonmonotone,caution_small_gap
473,vi_C02,vi_C02_Sc01,14.6941488418322,473,complex_nonmonotone,complex_nonmonotone,caution_small_gap
475,vi_C02,vi_C02_Sc01,16.8666030057153,475,complex_nonmonotone,unreliable_small_spectral_gap,unreliable_small_gap
477,vi_C02,vi_C02_Sc01,14.6172592708121,477,inverted_u_shaped,unreliable_small_spectral_gap,unreliable_small_gap
478,vi_C02,vi_C02_Sc01,15.2762491003399,478,complex_nonmonotone,complex_nonmonotone,caution_small_gap
479,vi_C02,vi_C02_Sc01,14.3603564975375,479,complex_nonmonotone,complex_nonmonotone,caution_small_gap
482,vi_C02,vi_C02_Sc01,14.2988732437252,482,complex_nonmonotone,unreliable_small_spectral_gap,unreliable_small_gap
485,vi_C02,vi_C02_Sc01,14.9043796301383,485,complex_nonmonotone,complex_nonmonotone,caution_small_gap
486,vi_C02,vi_C02_Sc01,14.9739599016871,486,monotone_decreasing,monotone_decreasing,caution_small_gap
487,vi_C02,vi_C02_Sc01,14.2908037899756,487,complex_nonmonotone,complex_nonmonotone,reliable
488,vi_C02,vi_C02_Sc01,15.0803764852189,488,inverted_u_shaped,unreliable_small_spectral_gap,unreliable_small_gap
489,vi_C02,vi_C02_Sc01,15.1840229235536,489,complex_nonmonotone,unreliable_small_spectral_gap,unreliable_small_gap
494,vi_C02,vi_C02_Sc01,15.0052414231442,494,complex_nonmonotone,unreliable_small_spectral_gap,unreliable_small_gap
496,vi_C02,vi_C02_Sc01,14.5003821965799,496,complex_nonmonotone,unreliable_small_spectral_gap,unreliable_small_gap
497,vi_C02,vi_C02_Sc01,14.423607855679,497,inverted_u_shaped,inverted_u_shaped,caution_small_gap
499,vi_C02,vi_C02_Sc01,15.4181029629827,499,inverted_u_shaped,unreliable_small_spectral_gap,unreliable_small_gap
500,vi_C02,vi_C02_Sc01,14.3000424360608,500,inverted_u_shaped,inverted_u_shaped,caution_small_gap
1,vi_C02,vi_C02_Sc02,14.5915233608081,1,monotone_increasing,monotone_increasing,reliable
2,vi_C02,vi_C02_Sc02,14.6957673054151,2,single_transition_increase_then_plateau,single_transition_increase_then_plateau,reliable
4,vi_C02,vi_C02_Sc02,14.4416037286971,4,complex_nonmonotone,complex_nonmonotone,reliable
9,vi_C02,vi_C02_Sc02,15.0499702430763,9,complex_nonmonotone,complex_nonmonotone,reliable
17,vi_C02,vi_C02_Sc02,14.6111582880619,17,complex_nonmonotone,complex_nonmonotone,caution_small_gap
19,vi_C02,vi_C02_Sc02,14.5910536258473,19,complex_nonmonotone,complex_nonmonotone,reliable
21,vi_C02,vi_C02_Sc02,15.0795196873003,21,complex_nonmonotone,complex_nonmonotone,reliable
23,vi_C02,vi_C02_Sc02,14.743879278378,23,complex_nonmonotone,complex_nonmonotone,reliable
28,vi_C02,vi_C02_Sc02,15.1189031911176,28,complex_nonmonotone,complex_nonmonotone,reliable
29,vi_C02,vi_C02_Sc02,14.5624991930888,29,complex_nonmonotone,complex_nonmonotone,reliable
31,vi_C02,vi_C02_Sc02,14.90703740158,31,complex_nonmonotone,complex_nonmonotone,caution_small_gap
35,vi_C02,vi_C02_Sc02,15.2202542508438,35,complex_nonmonotone,complex_nonmonotone,caution_small_gap
38,vi_C02,vi_C02_Sc02,15.136152899174,38,complex_nonmonotone,complex_nonmonotone,reliable
41,vi_C02,vi_C02_Sc02,14.5291456509724,41,monotone_increasing,monotone_increasing,reliable
43,vi_C02,vi_C02_Sc02,14.7337493398287,43,complex_nonmonotone,complex_nonmonotone,reliable
44,vi_C02,vi_C02_Sc02,14.7556444319884,44,monotone_increasing,monotone_increasing,reliable
50,vi_C02,vi_C02_Sc02,16.4932486826621,50,complex_nonmonotone,unreliable_small_spectral_gap,unreliable_small_gap
52,vi_C02,vi_C02_Sc02,14.6383284668128,52,monotone_increasing,monotone_increasing,caution_small_gap
59,vi_C02,vi_C02_Sc02,14.8262654098236,59,inverted_u_shaped,inverted_u_shaped,caution_small_gap
61,vi_C02,vi_C02_Sc02,15.1042195163467,61,monotone_increasing,monotone_increasing,reliable
64,vi_C02,vi_C02_Sc02,14.4397751313747,64,complex_nonmonotone,complex_nonmonotone,reliable
66,vi_C02,vi_C02_Sc02,14.915915213189,66,monotone_increasing,monotone_increasing,reliable
68,vi_C02,vi_C02_Sc02,15.0073823252945,68,complex_nonmonotone,complex_nonmonotone,caution_small_gap
70,vi_C02,vi_C02_Sc02,16.6175722644159,70,complex_nonmonotone,unreliable_small_spectral_gap,unreliable_small_gap
71,vi_C02,vi_C02_Sc02,15.2831468071607,71,complex_nonmonotone,complex_nonmonotone,caution_small_gap
77,vi_C02,vi_C02_Sc02,14.1961790505173,77,complex_nonmonotone,complex_nonmonotone,reliable
78,vi_C02,vi_C02_Sc02,14.8900762539544,78,inverted_u_shaped,inverted_u_shaped,caution_small_gap
87,vi_C02,vi_C02_Sc02,16.4613226775535,87,u_shaped,u_shaped,caution_small_gap
88,vi_C02,vi_C02_Sc02,14.6784564004831,88,complex_nonmonotone,complex_nonmonotone,reliable
97,vi_C02,vi_C02_Sc02,14.6833550379527,97,single_transition_increase_then_plateau,single_transition_increase_then_plateau,reliable
98,vi_C02,vi_C02_Sc02,14.8637107848783,98,complex_nonmonotone,complex_nonmonotone,reliable
99,vi_C02,vi_C02_Sc02,14.9866870325897,99,complex_nonmonotone,complex_nonmonotone,reliable
105,vi_C02,vi_C02_Sc02,15.3665689282273,105,monotone_increasing,monotone_increasing,reliable
114,vi_C02,vi_C02_Sc02,14.8235734400279,114,complex_nonmonotone,complex_nonmonotone,reliable
115,vi_C02,vi_C02_Sc02,14.8426798286795,115,complex_nonmonotone,complex_nonmonotone,reliable
118,vi_C02,vi_C02_Sc02,16.0969266467272,118,inverted_u_shaped,inverted_u_shaped,reliable
120,vi_C02,vi_C02_Sc02,14.4678753442603,120,complex_nonmonotone,complex_nonmonotone,caution_small_gap
121,vi_C02,vi_C02_Sc02,14.6442495192845,121,complex_nonmonotone,complex_nonmonotone,reliable
122,vi_C02,vi_C02_Sc02,15.1285510429306,122,complex_nonmonotone,unreliable_small_spectral_gap,unreliable_small_gap
129,vi_C02,vi_C02_Sc02,14.9115606002411,129,monotone_increasing,monotone_increasing,caution_small_gap
133,vi_C02,vi_C02_Sc02,15.2076153648617,133,complex_nonmonotone,complex_nonmonotone,reliable
135,vi_C02,vi_C02_Sc02,14.9664163757493,135,complex_nonmonotone,unreliable_small_spectral_gap,unreliable_small_gap
140,vi_C02,vi_C02_Sc02,15.1779156007421,140,complex_nonmonotone,complex_nonmonotone,reliable
144,vi_C02,vi_C02_Sc02,15.161879202394,144,complex_nonmonotone,complex_nonmonotone,reliable
146,vi_C02,vi_C02_Sc02,14.8393552329027,146,complex_nonmonotone,complex_nonmonotone,reliable
147,vi_C02,vi_C02_Sc02,15.3799175989478,147,inverted_u_shaped,inverted_u_shaped,reliable
150,vi_C02,vi_C02_Sc02,15.6236164976756,150,complex_nonmonotone,complex_nonmonotone,reliable
152,vi_C02,vi_C02_Sc02,14.3865191237113,152,complex_nonmonotone,complex_nonmonotone,reliable
156,vi_C02,vi_C02_Sc02,15.4614913223855,156,monotone_increasing,monotone_increasing,reliable
159,vi_C02,vi_C02_Sc02,14.5795085426219,159,complex_nonmonotone,complex_nonmonotone,reliable
160,vi_C02,vi_C02_Sc02,15.1349398644503,160,inverted_u_shaped,inverted_u_shaped,caution_small_gap
161,vi_C02,vi_C02_Sc02,14.5027586570533,161,complex_nonmonotone,complex_nonmonotone,reliable
162,vi_C02,vi_C02_Sc02,14.8370440131289,162,monotone_increasing,monotone_increasing,reliable
167,vi_C02,vi_C02_Sc02,14.3983384905127,167,monotone_increasing,monotone_increasing,reliable
168,vi_C02,vi_C02_Sc02,14.5703312805698,168,monotone_increasing,monotone_increasing,reliable
172,vi_C02,vi_C02_Sc02,15.2047563844328,172,complex_nonmonotone,complex_nonmonotone,caution_small_gap
176,vi_C02,vi_C02_Sc02,14.4526746851467,176,complex_nonmonotone,complex_nonmonotone,reliable
178,vi_C02,vi_C02_Sc02,14.4800269252038,178,monotone_increasing,monotone_increasing,reliable
179,vi_C02,vi_C02_Sc02,14.9704307414231,179,complex_nonmonotone,complex_nonmonotone,reliable
181,vi_C02,vi_C02_Sc02,15.1992645130052,181,inverted_u_shaped,inverted_u_shaped,caution_small_gap
186,vi_C02,vi_C02_Sc02,15.1073881929017,186,monotone_increasing,monotone_increasing,reliable
187,vi_C02,vi_C02_Sc02,15.2925187316633,187,complex_nonmonotone,complex_nonmonotone,caution_small_gap
188,vi_C02,vi_C02_Sc02,18.0332502598509,188,monotone_decreasing,unreliable_small_spectral_gap,unreliable_small_gap
190,vi_C02,vi_C02_Sc02,15.0062166366285,190,complex_nonmonotone,complex_nonmonotone,caution_small_gap
191,vi_C02,vi_C02_Sc02,14.6865989881101,191,complex_nonmonotone,complex_nonmonotone,reliable
201,vi_C02,vi_C02_Sc02,15.1071787376816,201,inverted_u_shaped,inverted_u_shaped,reliable
203,vi_C02,vi_C02_Sc02,14.6554136890202,203,monotone_increasing,monotone_increasing,reliable
204,vi_C02,vi_C02_Sc02,15.1911545917619,204,inverted_u_shaped,inverted_u_shaped,caution_small_gap
205,vi_C02,vi_C02_Sc02,15.8480512760335,205,complex_nonmonotone,unreliable_small_spectral_gap,unreliable_small_gap
207,vi_C02,vi_C02_Sc02,15.1219451520403,207,complex_nonmonotone,complex_nonmonotone,caution_small_gap
209,vi_C02,vi_C02_Sc02,14.4753830130852,209,monotone_increasing,monotone_increasing,reliable
217,vi_C02,vi_C02_Sc02,16.2381658307665,217,u_shaped,u_shaped,caution_small_gap
218,vi_C02,vi_C02_Sc02,14.7652418527645,218,monotone_increasing,monotone_increasing,reliable
220,vi_C02,vi_C02_Sc02,14.708169146592,220,complex_nonmonotone,complex_nonmonotone,reliable
223,vi_C02,vi_C02_Sc02,14.7805821738592,223,monotone_increasing,monotone_increasing,reliable
226,vi_C02,vi_C02_Sc02,14.7164068491365,226,complex_nonmonotone,complex_nonmonotone,reliable
228,vi_C02,vi_C02_Sc02,14.7978135424115,228,complex_nonmonotone,complex_nonmonotone,reliable
229,vi_C02,vi_C02_Sc02,15.8026812075703,229,monotone_increasing,monotone_increasing,caution_small_gap
230,vi_C02,vi_C02_Sc02,14.4409750046908,230,complex_nonmonotone,complex_nonmonotone,reliable
231,vi_C02,vi_C02_Sc02,14.7672729922183,231,monotone_increasing,monotone_increasing,caution_small_gap
232,vi_C02,vi_C02_Sc02,17.1187676803156,232,complex_nonmonotone,complex_nonmonotone,caution_small_gap
235,vi_C02,vi_C02_Sc02,15.902495920674,235,inverted_u_shaped,unreliable_small_spectral_gap,unreliable_small_gap
236,vi_C02,vi_C02_Sc02,14.6657271137751,236,inverted_u_shaped,unreliable_small_spectral_gap,unreliable_small_gap
241,vi_C02,vi_C02_Sc02,14.6961715106704,241,inverted_u_shaped,inverted_u_shaped,reliable
244,vi_C02,vi_C02_Sc02,14.9543978723722,244,inverted_u_shaped,inverted_u_shaped,reliable
246,vi_C02,vi_C02_Sc02,14.7824352316513,246,monotone_increasing,monotone_increasing,reliable
248,vi_C02,vi_C02_Sc02,15.0891468517576,248,complex_nonmonotone,complex_nonmonotone,reliable
251,vi_C02,vi_C02_Sc02,14.8525492723022,251,complex_nonmonotone,complex_nonmonotone,caution_small_gap
253,vi_C02,vi_C02_Sc02,14.614483434812,253,complex_nonmonotone,unreliable_small_spectral_gap,unreliable_small_gap
256,vi_C02,vi_C02_Sc02,15.6702830233644,256,complex_nonmonotone,complex_nonmonotone,reliable
259,vi_C02,vi_C02_Sc02,15.0984609140629,259,u_shaped,u_shaped,reliable
266,vi_C02,vi_C02_Sc02,15.7250098645077,266,complex_nonmonotone,complex_nonmonotone,caution_small_gap
269,vi_C02,vi_C02_Sc02,14.6567204265257,269,complex_nonmonotone,complex_nonmonotone,caution_small_gap
272,vi_C02,vi_C02_Sc02,15.0270974199775,272,inverted_u_shaped,inverted_u_shaped,reliable
273,vi_C02,vi_C02_Sc02,14.4610385725493,273,monotone_increasing,monotone_increasing,caution_small_gap
277,vi_C02,vi_C02_Sc02,14.7924739543918,277,monotone_increasing,monotone_increasing,caution_small_gap
278,vi_C02,vi_C02_Sc02,14.6280880540846,278,inverted_u_shaped,inverted_u_shaped,reliable
284,vi_C02,vi_C02_Sc02,15.6531173008529,284,u_shaped,u_shaped,caution_small_gap
285,vi_C02,vi_C02_Sc02,19.1819266657665,285,complex_nonmonotone,complex_nonmonotone,reliable
289,vi_C02,vi_C02_Sc02,15.5465503532198,289,u_shaped,u_shaped,reliable
293,vi_C02,vi_C02_Sc02,15.7748605585048,293,complex_nonmonotone,unreliable_small_spectral_gap,unreliable_small_gap
296,vi_C02,vi_C02_Sc02,15.0262383524155,296,complex_nonmonotone,complex_nonmonotone,reliable
301,vi_C02,vi_C02_Sc02,14.8839851456033,301,complex_nonmonotone,complex_nonmonotone,caution_small_gap
307,vi_C02,vi_C02_Sc02,14.7408237135316,307,complex_nonmonotone,complex_nonmonotone,caution_small_gap
308,vi_C02,vi_C02_Sc02,14.6167436677513,308,complex_nonmonotone,complex_nonmonotone,reliable
313,vi_C02,vi_C02_Sc02,15.342531130397,313,complex_nonmonotone,complex_nonmonotone,reliable
315,vi_C02,vi_C02_Sc02,14.7937803865125,315,monotone_increasing,monotone_increasing,caution_small_gap
318,vi_C02,vi_C02_Sc02,15.3844636778589,318,complex_nonmonotone,complex_nonmonotone,reliable
322,vi_C02,vi_C02_Sc02,14.172441641488,322,complex_nonmonotone,complex_nonmonotone,caution_small_gap
326,vi_C02,vi_C02_Sc02,15.063444343896,326,u_shaped,u_shaped,reliable
327,vi_C02,vi_C02_Sc02,14.8598731500605,327,monotone_increasing,monotone_increasing,reliable
328,vi_C02,vi_C02_Sc02,15.2842038709098,328,complex_nonmonotone,complex_nonmonotone,reliable
330,vi_C02,vi_C02_Sc02,14.6429965318498,330,complex_nonmonotone,complex_nonmonotone,reliable
332,vi_C02,vi_C02_Sc02,14.6708197123605,332,complex_nonmonotone,complex_nonmonotone,reliable
333,vi_C02,vi_C02_Sc02,15.2564601753324,333,inverted_u_shaped,inverted_u_shaped,reliable
335,vi_C02,vi_C02_Sc02,15.7153626749022,335,complex_nonmonotone,unreliable_small_spectral_gap,unreliable_small_gap
337,vi_C02,vi_C02_Sc02,14.8210697421557,337,complex_nonmonotone,complex_nonmonotone,reliable
339,vi_C02,vi_C02_Sc02,14.2243329440277,339,complex_nonmonotone,complex_nonmonotone,reliable
340,vi_C02,vi_C02_Sc02,14.5402190346559,340,complex_nonmonotone,complex_nonmonotone,caution_small_gap
345,vi_C02,vi_C02_Sc02,14.4863834016435,345,monotone_increasing,monotone_increasing,reliable
346,vi_C02,vi_C02_Sc02,14.6161092120117,346,monotone_increasing,monotone_increasing,reliable
353,vi_C02,vi_C02_Sc02,15.2801899109771,353,complex_nonmonotone,complex_nonmonotone,reliable
355,vi_C02,vi_C02_Sc02,15.4700538240378,355,complex_nonmonotone,complex_nonmonotone,caution_small_gap
357,vi_C02,vi_C02_Sc02,15.1804728543969,357,complex_nonmonotone,complex_nonmonotone,reliable
361,vi_C02,vi_C02_Sc02,14.676296542954,361,monotone_increasing,monotone_increasing,reliable
362,vi_C02,vi_C02_Sc02,14.8573776260887,362,complex_nonmonotone,complex_nonmonotone,caution_small_gap
368,vi_C02,vi_C02_Sc02,15.1605699017614,368,u_shaped,u_shaped,reliable
372,vi_C02,vi_C02_Sc02,14.8350031868461,372,complex_nonmonotone,complex_nonmonotone,reliable
374,vi_C02,vi_C02_Sc02,16.2072734147823,374,complex_nonmonotone,complex_nonmonotone,caution_small_gap
375,vi_C02,vi_C02_Sc02,15.0396139739776,375,complex_nonmonotone,complex_nonmonotone,caution_small_gap
376,vi_C02,vi_C02_Sc02,15.3196922881157,376,monotone_increasing,monotone_increasing,caution_small_gap
379,vi_C02,vi_C02_Sc02,14.7542586552607,379,inverted_u_shaped,inverted_u_shaped,caution_small_gap
381,vi_C02,vi_C02_Sc02,14.7669706594092,381,monotone_increasing,monotone_increasing,reliable
383,vi_C02,vi_C02_Sc02,16.667112595473,383,complex_nonmonotone,unreliable_small_spectral_gap,unreliable_small_gap
384,vi_C02,vi_C02_Sc02,14.4559883335448,384,monotone_increasing,monotone_increasing,reliable
387,vi_C02,vi_C02_Sc02,16.0764074363861,387,complex_nonmonotone,unreliable_small_spectral_gap,unreliable_small_gap
395,vi_C02,vi_C02_Sc02,14.9593838725139,395,inverted_u_shaped,inverted_u_shaped,reliable
396,vi_C02,vi_C02_Sc02,15.4784542390191,396,inverted_u_shaped,inverted_u_shaped,reliable
397,vi_C02,vi_C02_Sc02,17.7021996576267,397,complex_nonmonotone,complex_nonmonotone,caution_small_gap
398,vi_C02,vi_C02_Sc02,14.6637411416095,398,monotone_increasing,monotone_increasing,reliable
399,vi_C02,vi_C02_Sc02,17.9988546528712,399,complex_nonmonotone,complex_nonmonotone,caution_small_gap
400,vi_C02,vi_C02_Sc02,17.7016481643937,400,u_shaped,u_shaped,reliable
403,vi_C02,vi_C02_Sc02,14.4213042314734,403,complex_nonmonotone,complex_nonmonotone,reliable
405,vi_C02,vi_C02_Sc02,14.6215299914013,405,monotone_increasing,monotone_increasing,caution_small_gap
410,vi_C02,vi_C02_Sc02,15.283718607361,410,complex_nonmonotone,complex_nonmonotone,caution_small_gap
411,vi_C02,vi_C02_Sc02,16.7317270120936,411,u_shaped,u_shaped,caution_small_gap
420,vi_C02,vi_C02_Sc02,14.9980167900073,420,monotone_increasing,monotone_increasing,reliable
423,vi_C02,vi_C02_Sc02,14.9358036712032,423,complex_nonmonotone,unreliable_small_spectral_gap,unreliable_small_gap
428,vi_C02,vi_C02_Sc02,14.6436460828788,428,complex_nonmonotone,complex_nonmonotone,reliable
429,vi_C02,vi_C02_Sc02,14.6282836812039,429,monotone_increasing,monotone_increasing,reliable
430,vi_C02,vi_C02_Sc02,15.3646032434435,430,complex_nonmonotone,complex_nonmonotone,reliable
431,vi_C02,vi_C02_Sc02,14.7341178877575,431,monotone_increasing,monotone_increasing,reliable
436,vi_C02,vi_C02_Sc02,14.6730407613305,436,inverted_u_shaped,unreliable_small_spectral_gap,unreliable_small_gap
443,vi_C02,vi_C02_Sc02,14.7878006370635,443,complex_nonmonotone,complex_nonmonotone,caution_small_gap
444,vi_C02,vi_C02_Sc02,15.0572254980298,444,complex_nonmonotone,complex_nonmonotone,reliable
445,vi_C02,vi_C02_Sc02,14.5580403307664,445,single_transition_increase_then_plateau,single_transition_increase_then_plateau,reliable
446,vi_C02,vi_C02_Sc02,15.5487602994553,446,complex_nonmonotone,complex_nonmonotone,reliable
449,vi_C02,vi_C02_Sc02,15.5591330533582,449,complex_nonmonotone,complex_nonmonotone,reliable
454,vi_C02,vi_C02_Sc02,15.7135437199972,454,complex_nonmonotone,complex_nonmonotone,caution_small_gap
455,vi_C02,vi_C02_Sc02,14.6002151369894,455,monotone_increasing,monotone_increasing,caution_small_gap
456,vi_C02,vi_C02_Sc02,17.2114271097106,456,monotone_increasing,monotone_increasing,caution_small_gap
457,vi_C02,vi_C02_Sc02,15.4232452175713,457,monotone_increasing,monotone_increasing,caution_small_gap
465,vi_C02,vi_C02_Sc02,14.9071284880209,465,inverted_u_shaped,inverted_u_shaped,reliable
467,vi_C02,vi_C02_Sc02,14.9038410149771,467,inverted_u_shaped,inverted_u_shaped,reliable
468,vi_C02,vi_C02_Sc02,15.4521320789868,468,complex_nonmonotone,unreliable_small_spectral_gap,unreliable_small_gap
471,vi_C02,vi_C02_Sc02,14.5820078971396,471,inverted_u_shaped,inverted_u_shaped,reliable
474,vi_C02,vi_C02_Sc02,14.6539713902389,474,inverted_u_shaped,inverted_u_shaped,reliable
476,vi_C02,vi_C02_Sc02,14.7127855392922,476,complex_nonmonotone,complex_nonmonotone,reliable
483,vi_C02,vi_C02_Sc02,16.0100186324891,483,complex_nonmonotone,complex_nonmonotone,caution_small_gap
484,vi_C02,vi_C02_Sc02,14.4587425361866,484,inverted_u_shaped,unreliable_small_spectral_gap,unreliable_small_gap
491,vi_C02,vi_C02_Sc02,14.8204542852123,491,inverted_u_shaped,inverted_u_shaped,reliable
495,vi_C02,vi_C02_Sc02,14.8059457514229,495,complex_nonmonotone,complex_nonmonotone,caution_small_gap
7,vi_C03,vi_C03_Sc01,15.4289548166025,7,complex_nonmonotone,unreliable_small_spectral_gap,unreliable_small_gap
138,vi_C03,vi_C03_Sc01,15.1972704353619,138,complex_nonmonotone,unreliable_small_spectral_gap,unreliable_small_gap
390,vi_C03,vi_C03_Sc01,15.2316387076996,390,complex_nonmonotone,unreliable_small_spectral_gap,unreliable_small_gap
425,vi_C03,vi_C03_Sc01,15.4462852344823,425,complex_nonmonotone,unreliable_small_spectral_gap,unreliable_small_gap
48,vi_C03,vi_C03_Sc02,14.8233727125563,48,monotone_increasing,monotone_increasing,reliable
57,vi_C03,vi_C03_Sc02,14.6173354024634,57,complex_nonmonotone,complex_nonmonotone,caution_small_gap
72,vi_C03,vi_C03_Sc02,15.087378180099,72,complex_nonmonotone,unreliable_small_spectral_gap,unreliable_small_gap
110,vi_C03,vi_C03_Sc02,15.7816362927303,110,monotone_increasing,unreliable_small_spectral_gap,unreliable_small_gap
214,vi_C03,vi_C03_Sc02,14.932792801339,214,monotone_increasing,monotone_increasing,reliable
311,vi_C03,vi_C03_Sc02,14.6048156636453,311,complex_nonmonotone,complex_nonmonotone,caution_small_gap
348,vi_C03,vi_C03_Sc02,15.0760070655418,348,single_transition_increase_then_plateau,single_transition_increase_then_plateau,reliable
349,vi_C03,vi_C03_Sc02,15.156018182847,349,inverted_u_shaped,inverted_u_shaped,reliable
364,vi_C03,vi_C03_Sc02,14.9244152649595,364,monotone_increasing,monotone_increasing,reliable
371,vi_C03,vi_C03_Sc02,16.0234639809199,371,complex_nonmonotone,unreliable_small_spectral_gap,unreliable_small_gap
421,vi_C03,vi_C03_Sc02,15.0360109265062,421,single_transition_increase_then_plateau,single_transition_increase_then_plateau,reliable
492,vi_C03,vi_C03_Sc02,15.4713885387258,492,complex_nonmonotone,complex_nonmonotone,caution_small_gap
