seed_number,seed_id,objective,objective_source,objective_total,objective_data,objective_burden,objective_ploidy,seed,separate_MAP_objective,raw_minus_MAP
1,seed1,72897.4321080883,raw_likelihood,,14.027790002002,7.82429365291232,5.09245078807615,1,14.5915233608081,72882.84058472748
2,seed2,73861.8582898097,raw_likelihood,,14.0870067240692,7.79359928090741,5.22421257853863,2,14.6957673054151,73847.16252250428
3,seed3,70361.3254246354,raw_likelihood,,13.7890143371834,7.78905450866755,4.86343479960332,3,14.458109180594,70346.86731545482
4,seed4,71381.1539285334,raw_likelihood,,13.8230345492111,7.77375220091955,4.92477425651824,4,14.4416037286971,71366.7123248047
5,seed5,69557.1283097764,raw_likelihood,,14.4776394984247,8.30112719382705,4.99508950477214,5,15.3433158545905,69541.7849939218
6,seed6,67993.7787038248,raw_likelihood,,13.9799717593335,8.21325297060977,4.78122124759405,6,14.195932649505,67979.58277117531
7,seed7,71195.1753358473,raw_likelihood,,14.4553752925985,8.05318886783875,5.14539483188488,7,15.4289548166025,71179.74638103071
8,seed8,67475.7935537499,raw_likelihood,,13.7703506303021,7.84826282633531,4.72703831716354,8,14.59910613834,67461.19444761156
9,seed9,74002.7095774867,raw_likelihood,,14.3341613566487,7.86071568280305,5.17893412676645,9,15.0499702430763,73987.65960724362
10,seed10,66789.5632968117,raw_likelihood,,15.0722631563165,8.98042934443413,4.75742205404772,10,15.8443722104055,66773.7189246013
11,seed11,68165.0592564213,raw_likelihood,,13.9969611703661,8.41849433054341,4.78086879601716,11,14.3378440464882,68150.72141237481
12,seed12,66688.1549800715,raw_likelihood,,13.6757178742432,7.85416649486941,4.67473147935729,12,14.3619344236707,66673.79304564784
13,seed13,71033.7864667637,raw_likelihood,,14.4054670926871,8.40129744689392,5.03246921695579,13,14.8800857905152,71018.90638097319
14,seed14,68449.0776652859,raw_likelihood,,14.2759015640092,8.61311047222152,4.7464996682206,14,15.0542789937525,68434.02338629216
15,seed15,67094.3436400509,raw_likelihood,,14.7869296076239,9.25204520397949,4.80055798927273,15,15.577406009114,67078.76623404177
16,seed16,67382.4426318684,raw_likelihood,,13.6014504474305,7.80607972505381,4.70414241258627,16,14.2087521920919,67368.2338796763
17,seed17,72104.8488576845,raw_likelihood,,14.0129377953876,7.8181456904166,4.96211038502444,17,14.6111582880619,72090.23769939644
18,seed18,72930.3982007637,raw_likelihood,,13.9314325001589,7.86657562181317,5.01517444992468,18,14.4618180546976,72915.936382709
19,seed19,73054.3072327635,raw_likelihood,,13.9489644770652,7.81996371879321,5.13456107911418,19,14.5910536258473,73039.71617913766
20,seed20,70007.1224193392,raw_likelihood,,15.7855290505886,9.79695064330578,4.99251682202643,20,16.1903015779556,69990.93211776124
21,seed21,71794.5715476899,raw_likelihood,,14.2130433342712,7.89380863154876,5.11665723281032,21,15.0795196873003,71779.49202800261
22,seed22,68348.783096253,raw_likelihood,,15.2084935182338,9.18121170466098,4.84643531857287,22,16.0151670723314,68332.76792918067
23,seed23,73577.4824856064,raw_likelihood,,14.0920719176726,7.79117894798207,5.17962183801708,23,14.743879278378,73562.73860632801
24,seed24,68727.317277158,raw_likelihood,,13.8627026477736,8.25307454009225,4.82220650346851,24,14.2358712089144,68713.08140594908
25,seed25,68493.8049057762,raw_likelihood,,13.5537024403046,7.88904385018167,4.7619851179534,25,14.1193277940156,68479.68557798218
26,seed26,67868.0514886995,raw_likelihood,,13.958562527927,8.1957636189007,4.77285465999423,26,14.1747852749872,67853.87670342451
27,seed27,68172.6995987162,raw_likelihood,,14.5607378658367,8.58066029364681,4.79899725276257,27,15.6467898501536,68157.05280886604
28,seed28,76282.1446326608,raw_likelihood,,14.76106327851,8.03901288601804,5.3996428589397,28,15.1189031911176,76267.02572946968
29,seed29,72817.6574337787,raw_likelihood,,13.8735380516742,7.8342358018189,5.14747667583596,29,14.5624991930888,72803.09493458562
30,seed30,71065.9277810787,raw_likelihood,,15.1393401929426,8.29794229697382,5.14901794421638,30,15.8543110070699,71050.07347007163
31,seed31,73800.7793476839,raw_likelihood,,14.0216498000647,7.76912568426259,5.24107026703424,31,14.90703740158,73785.87231028231
32,seed32,78121.8629767777,raw_likelihood,,15.343112860568,8.22168832147987,5.65226442094846,32,16.2236986019864,78105.63927817572
33,seed33,70387.745951337,raw_likelihood,,13.8455666239015,7.91389793604349,4.88541639060364,33,14.6882107777492,70373.05774055925
34,seed34,68439.3669094736,raw_likelihood,,13.6662781244481,7.79661258089924,4.73337716163003,34,14.346985391902,68425.01992408169
35,seed35,77396.4230637679,raw_likelihood,,14.9335745883051,9.17313930895247,5.39120722854657,35,15.2202542508438,77381.20280951705
36,seed36,70070.0494734681,raw_likelihood,,14.5558308650984,8.23778866974334,4.99038712887273,36,15.2655277560486,70054.78394571204
37,seed37,69605.6948504064,raw_likelihood,,14.0486628568179,7.86269703521162,4.83105799203114,37,14.7367679442088,69590.9580824622
38,seed38,75747.6855781553,raw_likelihood,,14.6225048733547,8.03401949707428,5.36678554108423,38,15.136152899174,75732.54942525613
39,seed39,70648.8224251171,raw_likelihood,,13.8457675532963,7.81203067537089,4.90990340100854,39,14.7073876879555,70634.11503742915
40,seed40,69310.5292415976,raw_likelihood,,13.8651888498553,7.89508604318672,4.87976129876231,40,14.713094115042,69295.81614748256
41,seed41,71315.534775019,raw_likelihood,,13.8200441821171,7.7883648094471,4.94883942572235,41,14.5291456509724,71301.00562936802
42,seed42,69737.9597875698,raw_likelihood,,13.7410295800677,7.78064132027232,4.86036890436101,42,14.3297399576968,69723.6300476121
43,seed43,74153.061389673,raw_likelihood,,14.1782331480228,7.79992542468663,5.20544158335487,43,14.7337493398287,74138.32764033318
44,seed44,71625.9635329953,raw_likelihood,,13.9233697889908,7.80225368420303,5.0612390720564,44,14.7556444319884,71611.20788856331
45,seed45,70986.0957731003,raw_likelihood,,15.2758471344019,8.98526266743587,5.12056644484005,45,15.9217021782555,70970.17407092205
46,seed46,66731.100939282,raw_likelihood,,14.3051136066617,8.40838767463934,4.73607228638949,46,15.0246603666464,66716.07627891535
47,seed47,72751.3759883216,raw_likelihood,,14.3966689291775,8.12143427752251,5.05950246829154,47,14.8386700896145,72736.53731823199
48,seed48,73042.6942977786,raw_likelihood,,14.0994062686717,7.8100451261025,5.12118834217707,48,14.8233727125563,73027.87092506603
49,seed49,73672.8595648427,raw_likelihood,,15.5158958437142,8.91258071208002,5.27061576897938,49,16.1457705313138,73656.71379431139
50,seed50,75874.8038818428,raw_likelihood,,15.5012566776641,9.05556007454586,5.42742346619679,50,16.4932486826621,75858.31063316014
51,seed51,73961.3838513575,raw_likelihood,,15.6703413592367,8.743217912687,5.23801133114285,51,16.4830222684092,73944.90082908909
52,seed52,73959.791135244,raw_likelihood,,13.9328786816953,7.79087247176445,5.01069377339127,52,14.6383284668128,73945.15280677719
53,seed53,72313.6133423047,raw_likelihood,,14.0769204600601,7.79146433937293,5.14484148344818,53,14.7849892907136,72298.82835301399
54,seed54,70891.4602002613,raw_likelihood,,13.8270218554887,7.80435264430939,4.97399555109397,54,14.5734700382909,70876.886730223
55,seed55,73960.9851525519,raw_likelihood,,14.0480136008844,7.94041538319114,5.28382176304485,55,14.9609387276027,73946.0242138243
56,seed56,67235.5646383395,raw_likelihood,,13.7869135947043,7.86455065779304,4.75809862402149,56,14.8299128128921,67220.73472552662
57,seed57,72054.6459604009,raw_likelihood,,14.2038968033812,8.36949322037711,4.99414506897838,57,14.6173354024634,72040.02862499843
58,seed58,68909.0492391124,raw_likelihood,,13.6839994517252,7.95596818828465,4.87580846648434,58,14.3593389433226,68894.68990016908
59,seed59,72329.6980227486,raw_likelihood,,14.3836829443987,7.97841560044865,5.09835073815599,59,14.8262654098236,72314.87175733878
60,seed60,71156.0824449415,raw_likelihood,,13.6736611664618,7.82632954022463,5.0315061654892,60,14.5807915963844,71141.50165334511
61,seed61,76828.9611541298,raw_likelihood,,14.7933997613087,8.10343388142569,5.44828336874727,61,15.1042195163467,76813.85693461346
62,seed62,71525.2800497193,raw_likelihood,,14.5585068165855,8.18364117877089,5.16681740276117,62,15.6498438070802,71509.63020591221
63,seed63,71749.9952943706,raw_likelihood,,13.8608107229986,7.79126516149062,5.03671735239051,63,14.4598905255843,71735.53540384502
64,seed64,71116.0886439263,raw_likelihood,,13.6731997326063,7.90543378144752,4.98841501043272,64,14.4397751313747,71101.64886879492
65,seed65,69133.7815564283,raw_likelihood,,13.7430057390335,7.82056125623735,4.79067952314741,65,14.3219876261131,69119.45956880218
66,seed66,76285.2104447142,raw_likelihood,,14.5458892036467,7.94409571943298,5.39144883122135,66,14.915915213189,76270.29452950101
67,seed67,69321.9126290878,raw_likelihood,,14.4115107266677,8.4262193141708,4.99581296453369,67,15.1102690321726,69306.80236005563
68,seed68,73568.3940244321,raw_likelihood,,14.7155265063073,8.06632797666448,5.23836408489371,68,15.0073823252945,73553.38664210681
69,seed69,67636.3971958344,raw_likelihood,,14.7789430368087,9.37142484289025,4.80311000277038,69,15.5886473278901,67620.80854850651
70,seed70,70769.8061134865,raw_likelihood,,15.6238654144749,9.176177281912,5.03998182833946,70,16.6175722644159,70753.18854122209
71,seed71,71945.9805564865,raw_likelihood,,14.2257759331329,7.88866618619801,5.02052721983191,71,15.2831468071607,71930.69740967933
72,seed72,71450.7047112516,raw_likelihood,,14.5507973488314,8.31926147483774,5.13825419285528,72,15.087378180099,71435.6173330715
73,seed73,70115.2341652504,raw_likelihood,,13.7560680181531,7.78368178409751,4.84457156652823,73,14.3798812056278,70100.85428404476
74,seed74,69964.2730638049,raw_likelihood,,13.6915615682229,7.90461290280826,4.80458813184388,74,14.2013422413384,69950.07172156355
75,seed75,70011.5830044863,raw_likelihood,,14.903652716725,8.34988881657934,4.98711855645545,75,15.363095781516,69996.21990870478
76,seed76,69623.4156623198,raw_likelihood,,14.4844352131372,8.77218991615938,4.92183127059829,76,15.6237417030627,69607.79192061674
77,seed77,69725.1791933995,raw_likelihood,,13.548472952993,7.9278911845522,4.85100198169858,77,14.1961790505173,69710.98301434898
78,seed78,73023.1580858737,raw_likelihood,,14.4377149576519,8.05081952507352,5.11442984347901,78,14.8900762539544,73008.26800961974
79,seed79,66573.7354822768,raw_likelihood,,13.6527165177371,7.81265402596511,4.64646441905677,79,14.5100850006914,66559.22539727611
80,seed80,67513.7355579469,raw_likelihood,,13.5531224959744,8.23680645156833,4.73930106209588,80,14.2622856799331,67499.47327226697
81,seed81,69078.5758798385,raw_likelihood,,13.788920193883,7.81619914558007,4.88841737652557,81,14.5585468769531,69064.01733296155
82,seed82,81636.9817785481,raw_likelihood,,16.1312575586302,8.60301230396216,6.0273480319094,82,16.4985177675991,81620.4832607805
83,seed83,74829.0931139907,raw_likelihood,,17.4787172938432,10.8493471254615,5.41535820895885,83,18.6165258665108,74810.47658812419
84,seed84,91313.1287708815,raw_likelihood,,16.2866374178336,8.17579429277016,6.72995275289212,84,16.9420002516286,91296.18677062988
85,seed85,71331.4094621565,raw_likelihood,,13.8867893680105,7.92992979030755,4.89068066157362,85,14.5738872017803,71316.83557495472
86,seed86,68673.4724033732,raw_likelihood,,14.1745350170646,7.98244941739732,4.9436597558838,86,14.6202679747629,68658.85213539844
87,seed87,68288.9093358728,raw_likelihood,,15.7020418969065,9.79883141553265,4.78643016255868,87,16.4613226775535,68272.44801319524
88,seed88,73260.3682584473,raw_likelihood,,14.0583257446064,7.79051826061108,5.14741428764009,88,14.6784564004831,73245.68980204682
89,seed89,71492.5294230712,raw_likelihood,,14.007246431012,7.82029254028846,5.08047690709809,89,14.8478107896625,71477.68161228154
90,seed90,67155.2206134171,raw_likelihood,,13.9300003054445,8.23645935829719,4.72860952189975,90,14.1524469940988,67141.068166423
91,seed91,71286.3629949337,raw_likelihood,,14.2856284337539,7.95391353156774,4.97157124424053,91,14.6014918877353,71271.76150304597
92,seed92,69550.2818361396,raw_likelihood,,13.7384413347762,7.77546606919456,4.83582610267036,92,14.4337453216442,69535.84809081796
93,seed93,69408.6920300686,raw_likelihood,,16.2412907411466,10.8446420522419,4.99583335206884,93,16.7519765164397,69391.94005355217
94,seed94,68575.1537145284,raw_likelihood,,13.6346608196192,7.75951791407388,4.76344746109942,94,14.4233253806748,68560.73038914772
95,seed95,67080.8701435063,raw_likelihood,,13.5071995763486,8.05487436796234,4.71005336984127,95,14.2617763056677,67066.60836720064
96,seed96,70767.9673502508,raw_likelihood,,13.8359634122637,7.80323294930504,4.92984439073961,96,14.4716795879501,70753.49567066284
97,seed97,74527.579335387,raw_likelihood,,14.0787112726027,7.82298887336229,5.21498756628692,97,14.6833550379527,74512.89598034904
98,seed98,75212.2645821767,raw_likelihood,,14.4650246598076,7.93975100540014,5.30999353118517,98,14.8637107848783,75197.40087139182
99,seed99,70448.8091041911,raw_likelihood,,14.1818207258767,8.40591186313756,4.95227610464316,99,14.9866870325897,70433.8224171585
100,seed100,68500.4220573449,raw_likelihood,,14.4597079433314,8.48577725585362,4.85514652995262,100,14.9921574256091,68485.42989991928
101,seed101,70513.2293275492,raw_likelihood,,14.3917812522527,8.02295750624586,5.10000232444767,101,15.2787012195287,70497.95062632966
102,seed102,68142.58855759,raw_likelihood,,14.378597567681,8.50408054863097,4.76417703665686,102,15.2016768723447,68127.38688071766
103,seed103,66115.7786608071,raw_likelihood,,13.696249328188,7.84107473508853,4.66696198698215,103,14.3721078029815,66101.40655300413
104,seed104,73975.397857176,raw_likelihood,,14.8715387017337,8.20998326039387,5.27572310543947,104,15.0555883113927,73960.3422688646
105,seed105,76637.6128733234,raw_likelihood,,14.8154474401774,8.10343174451407,5.44205642401644,105,15.3665689282273,76622.24630439519
106,seed106,73305.0891035911,raw_likelihood,,13.9314146698556,7.7971212499538,5.09286647239123,106,14.6725577522133,73290.41654583889
107,seed107,66988.51245983,raw_likelihood,,13.6044643488911,7.799398021839,4.63259965901578,107,14.3444902431891,66974.16796958681
108,seed108,75109.4774761679,raw_likelihood,,14.336310810633,7.89932686362641,5.26378837796724,108,14.9269642104023,75094.5505119575
109,seed109,67886.2629347008,raw_likelihood,,13.6162959399511,7.79593145016337,4.70280856342861,109,14.1723513719332,67872.09058332887
110,seed110,72496.879379604,raw_likelihood,,15.3124516299239,9.36633481251323,5.08312589390527,110,15.7816362927303,72481.09774331127
111,seed111,69822.3614079552,raw_likelihood,,14.431060783181,8.1107762757632,5.03043782937534,111,15.4583464389937,69806.90306151622
112,seed112,70248.7704904462,raw_likelihood,,14.5980606421517,8.51650601896054,5.05277093365007,112,14.9456711834741,70233.82481926272
113,seed113,73472.6183246179,raw_likelihood,,14.4639562764094,7.99718618470039,5.20072860793855,113,15.1456592999338,73457.47266531797
114,seed114,74362.0868053154,raw_likelihood,,14.1657083893815,7.80454313375972,5.22988397542317,114,14.8235734400279,74347.26323187537
115,seed115,74793.8987573598,raw_likelihood,,14.3485555933602,7.89378369480894,5.26043193934766,115,14.8426798286795,74779.05607753112
116,seed116,75069.9234774179,raw_likelihood,,15.6273194541578,8.65900029934795,5.36413836024402,116,16.3796252148195,75053.54385220309
117,seed117,72966.0619859707,raw_likelihood,,15.1849999552281,8.27350832208093,5.46155212835202,117,15.8810166564363,72950.18096931426
118,seed118,74943.2636095504,raw_likelihood,,14.9619111542482,8.79306160345305,5.33423049954876,118,16.0969266467272,74927.16668290367
119,seed119,67081.7954862344,raw_likelihood,,13.5987264930425,7.89745744019688,4.71007623321033,119,14.3232090321374,67067.47227720227
120,seed120,68794.6350390973,raw_likelihood,,13.6542262866259,8.1762554723775,4.87226961663024,120,14.4678753442603,68780.16716375304
121,seed121,72879.8706706858,raw_likelihood,,13.9487213400874,7.80909949424779,5.08740317751392,121,14.6442495192845,72865.22642116652
122,seed122,73510.7489053935,raw_likelihood,,14.9480791780224,8.19872853572395,5.23550936623954,122,15.1285510429306,73495.62035435057
123,seed123,74797.5632566125,raw_likelihood,,17.6702797050137,10.7191910196148,5.33816952211984,123,18.4770677036942,74779.0861889088
124,seed124,73099.55515632,raw_likelihood,,13.9374440757623,7.77480566723152,5.11381435741547,124,14.5400133876944,73085.0151429323
125,seed125,66234.0289509602,raw_likelihood,,13.7636786798932,8.23158002613958,4.72325728043638,125,14.4792241244617,66219.54972683574
126,seed126,70178.2162954021,raw_likelihood,,13.7540614257756,7.76669312645263,4.85261889454295,126,14.391366696399,70163.82492870571
127,seed127,76014.5343640356,raw_likelihood,,14.8198909264678,7.90376025932055,5.52123073971632,127,15.7795381464619,75998.75482588913
128,seed128,68889.5771331379,raw_likelihood,,13.747332792404,7.85933269870547,4.75060901738773,128,14.43852085345,68875.13861228444
129,seed129,73671.5519924168,raw_likelihood,,14.0818470994145,7.83069539622073,5.13061616365336,129,14.9115606002411,73656.64043181656
130,seed130,69663.7746222884,raw_likelihood,,13.7202222255112,7.794068544484,4.82105516643317,130,14.3522969930793,69649.42232529532
131,seed131,69627.7150213495,raw_likelihood,,14.2947584939445,7.88873214450927,5.05022241985592,131,15.0964657528719,69612.61855559664
132,seed132,69840.742006097,raw_likelihood,,13.6652818746719,7.86645588243281,4.93274361962894,132,14.303723535736,69826.43828256127
133,seed133,73207.792559179,raw_likelihood,,14.5756083571498,8.42474156524845,5.22008580745961,133,15.2076153648617,73192.58494381413
134,seed134,66663.9422657034,raw_likelihood,,14.0848640230001,7.98445060740722,4.79723421849051,134,14.9931067543501,66648.94915894905
135,seed135,69715.1789056751,raw_likelihood,,13.7830347000761,8.34399821027789,4.95664493170985,135,14.9664163757493,69700.21248929935
136,seed136,67904.4153039755,raw_likelihood,,13.9911221769265,8.20711386698018,4.77204749865884,136,14.1827805379837,67890.23252343752
137,seed137,68450.9603458622,raw_likelihood,,13.6626909620859,7.82904912019802,4.76915186113017,137,14.5283978538405,68436.43194800836
138,seed138,68304.8493354189,raw_likelihood,,14.3356497623582,8.08467968819665,4.91958072342841,138,15.1972704353619,68289.65206498353
139,seed139,68294.1378125765,raw_likelihood,,13.6101087973543,7.88914991614539,4.70956791358741,139,14.2709854843277,68279.86682709218
140,seed140,71689.8154687079,raw_likelihood,,14.1884091953182,7.78671870968024,5.15978512207921,140,15.1779156007421,71674.63755310715
141,seed141,73188.253026474,raw_likelihood,,14.6373935866531,8.30652057897544,5.23804010676229,141,15.4767801807631,73172.77624629324
142,seed142,68390.2530668986,raw_likelihood,,14.0921742931634,7.93640576079106,4.96704457464722,142,14.8267546833386,68375.42631221526
143,seed143,72229.5781400768,raw_likelihood,,14.6296680747863,8.163231520981,5.06852692353473,143,14.9680572031137,72214.6100828737
144,seed144,75765.0197063923,raw_likelihood,,14.8748470019325,8.2893263537638,5.3399239009637,144,15.161879202394,75749.8578271899
145,seed145,70081.6067106878,raw_likelihood,,13.7244609708313,7.76989284789427,4.87071730870643,145,14.3515645555648,70067.25514613224
146,seed146,73582.0408836463,raw_likelihood,,14.0888862382459,7.7808204309795,5.19496101611502,146,14.8393552329027,73567.2015284134
147,seed147,76946.6019777563,raw_likelihood,,14.740884682839,8.01289901316005,5.47945713283557,147,15.3799175989478,76931.22206015736
148,seed148,75137.1822252017,raw_likelihood,,14.6721817992834,8.08740895614188,5.38116671197429,148,15.783638391811,75121.3985868099
149,seed149,67359.3881841344,raw_likelihood,,13.6300742924266,7.80981445981411,4.72881753693106,149,14.3420541012032,67345.0461300332
150,seed150,77512.7754945598,raw_likelihood,,14.7839719736268,8.19229382710192,5.56182204844501,150,15.6236164976756,77497.15187806213
151,seed151,70000.0211933301,raw_likelihood,,13.6277339924001,7.9079404419964,4.84627955722266,151,14.2109994625262,69985.81019386758
152,seed152,72003.5822344467,raw_likelihood,,13.8141050026979,7.8014695369229,5.02882803404752,152,14.3865191237113,71989.19571532299
153,seed153,70040.5494284489,raw_likelihood,,14.3095788874644,8.17807502996159,4.93998127735348,153,14.635132174691,70025.9142962742
154,seed154,73897.678417473,raw_likelihood,,15.2444453724865,9.0019592284033,5.30529361414042,154,16.0855942484328,73881.59282322456
155,seed155,72428.1697183334,raw_likelihood,,13.9725087526489,7.77516855418543,5.07211228456086,155,14.5414191854272,72413.62829914798
156,seed156,73982.7881495167,raw_likelihood,,14.5372613234394,8.21381469814498,5.24716281928221,156,15.4614913223855,73967.3266581943
157,seed157,68567.1124757797,raw_likelihood,,15.2325172123904,9.24231771182945,4.81910991926879,157,15.9080613262338,68551.20441445346
158,seed158,66536.7530128159,raw_likelihood,,13.7911054964916,7.86343993377807,4.70926480570282,158,14.8833162184936,66521.86969659741
159,seed159,73062.2474497513,raw_likelihood,,13.9995107765548,7.79511815475986,5.09458822334889,159,14.5795085426219,73047.66794120868
160,seed160,75672.4043185166,raw_likelihood,,14.7142812912926,7.95171219198423,5.37148906251558,160,15.1349398644503,75657.26937865214
161,seed161,71698.3208840268,raw_likelihood,,13.7223556668736,7.85822751524501,5.04707712752207,161,14.5027586570533,71683.81812536975
162,seed162,72793.9097250624,raw_likelihood,,14.0054511032386,7.86453432949256,5.15162604472921,162,14.8370440131289,72779.07268104928
163,seed163,71350.6459312672,raw_likelihood,,13.8324990613165,7.76650434651638,4.95477665649005,163,14.4217941382111,71336.22413712899
164,seed164,71592.0938949839,raw_likelihood,,15.252816516139,8.75271563039374,5.03477249094851,164,15.9175873247269,71576.17630765917
165,seed165,67800.2397094522,raw_likelihood,,13.9772489092875,8.23168199163596,4.75552903781888,165,14.2097748650035,67786.0299345872
166,seed166,68962.9560011454,raw_likelihood,,13.9125981846218,7.8648811988335,4.87679061971988,166,14.7492487811089,68948.20675236429
167,seed167,72502.7774613535,raw_likelihood,,13.7639655206748,7.79472658146999,4.99511284946824,167,14.3983384905127,72488.37912286299
168,seed168,73436.7670459903,raw_likelihood,,13.9474829648222,7.77123314436514,5.06986786240657,168,14.5703312805698,73422.19671470973
169,seed169,70961.4360809699,raw_likelihood,,13.7186225971162,7.7993732237263,4.90715288730479,169,14.3334932764461,70947.10258769346
170,seed170,68383.7939933635,raw_likelihood,,15.1213585670576,9.01873880152,4.82361664468078,170,15.9051734457448,68367.88881991776
171,seed171,71704.8621548302,raw_likelihood,,13.9768691642388,7.76110961340714,5.09218397796999,171,14.7027103013513,71690.15944452885
172,seed172,72167.902822801,raw_likelihood,,14.8756212369045,8.15020698274334,5.24501857842668,172,15.2047563844328,72152.69806641656
173,seed173,68443.9780491144,raw_likelihood,,13.6687935793008,7.89028391370103,4.84888580510977,173,14.2970020463567,68429.68104706805
174,seed174,73617.6719819063,raw_likelihood,,15.9628781299542,10.0559202680953,5.37312184432641,174,16.54477277263,73601.12720913367
175,seed175,68262.8991654981,raw_likelihood,,13.8914754770597,8.33459624930582,4.90839692447457,175,14.7273787744903,68248.1717867236
176,seed176,71991.5647386393,raw_likelihood,,13.8839071990109,7.77147535022918,5.02152915602676,176,14.4526746851467,71977.11206395415
177,seed177,67793.2554674424,raw_likelihood,,13.5358581479351,7.9401654684578,4.75091798266166,177,14.2928279014721,67778.96263954093
178,seed178,73775.2475671689,raw_likelihood,,13.8509368077841,7.79915842918867,5.06453722417486,178,14.4800269252038,73760.7675402437
179,seed179,75199.6045352859,raw_likelihood,,14.5518264908942,8.06400199091629,5.28668683504321,179,14.9704307414231,75184.63410454447
180,seed180,70421.5678598761,raw_likelihood,,14.7792656700787,8.58500354975385,4.94713400477819,180,15.142496320558,70406.42536355554
181,seed181,68946.5939579511,raw_likelihood,,14.3578348490947,8.54125029611434,4.80829308282056,181,15.1992645130052,68931.3946934381
182,seed182,72131.1013111418,raw_likelihood,,14.4292962181776,8.12641850936028,5.0149311026236,182,14.5888070059337,72116.51250413587
183,seed183,70373.6617100907,raw_likelihood,,13.9669765645857,7.77596174014167,4.96779948394146,183,14.5454959725711,70359.11621411813
184,seed184,69892.9845586949,raw_likelihood,,15.3559411278477,8.71821517143493,5.15594530995028,184,16.1823651267635,69876.80219356813
185,seed185,71230.8367133529,raw_likelihood,,14.8245583928207,9.22164591902734,5.07102177880079,185,15.5733149944972,71215.2633983584
186,seed186,74997.4578253762,raw_likelihood,,14.2302943037861,7.79458358094908,5.32421217519032,186,15.1073881929017,74982.3504371833
187,seed187,71316.889563066,raw_likelihood,,14.3081719136297,8.0254961636958,5.07901186205583,187,15.2925187316633,71301.59704433434
188,seed188,74882.366071642,raw_likelihood,,17.8199838327039,10.6288713503829,5.29311015953864,188,18.0332502598509,74864.33282138215
189,seed189,73153.1966578965,raw_likelihood,,14.2569095732353,7.81396882688763,5.20953274909739,189,15.1417638071438,73138.05489408935
190,seed190,73953.1785221915,raw_likelihood,,14.1515461072652,8.04566469140265,5.27140889507338,190,15.0062166366285,73938.17230555488
191,seed191,74238.994064237,raw_likelihood,,14.12024496492,7.76047073006782,5.2388583634713,191,14.6865989881101,74224.3074652489
192,seed192,69667.8603732846,raw_likelihood,,14.8755827362693,9.06228538210315,4.95473501169256,192,15.4435800622818,69652.4167932223
193,seed193,74271.9530975666,raw_likelihood,,15.07454084419,8.70341086293697,5.26799798169095,193,15.8185836619748,74256.13451390462
194,seed194,69852.0309323916,raw_likelihood,,14.3556907807434,8.05319108532255,5.0067861883801,194,15.2745065474322,69836.75642584417
195,seed195,69862.3418591922,raw_likelihood,,13.7487789973397,7.79829735979007,4.81926544235305,195,14.3584660397453,69847.98339315245
196,seed196,70415.6329098562,raw_likelihood,,14.1725296517216,8.02694160590272,5.01963195817362,196,15.0552734296545,70400.57763642655
197,seed197,68999.1312356136,raw_likelihood,,13.7790274941381,7.81117480927641,4.85780183037872,197,14.5226024577191,68984.60863315589
198,seed198,72784.8043803632,raw_likelihood,,13.804391034532,7.80890162982869,5.03114734196822,198,14.3947628218579,72770.40961754134
199,seed199,66850.2728012643,raw_likelihood,,14.0581895395367,8.00833689586048,4.7592268928517,199,14.7591669870399,66835.51363427726
200,seed200,68535.4891181906,raw_likelihood,,13.7178258663748,7.80435124077008,4.80093693913974,200,14.4696658867772,68521.01945230382
201,seed201,74051.4589916354,raw_likelihood,,14.4599528227618,7.89885072080841,5.236698263301,201,15.1071787376816,74036.35181289772
202,seed202,71364.1736799501,raw_likelihood,,14.1127139643846,8.3630451010387,5.09269319429533,202,14.9356458374066,71349.23803411268
203,seed203,71863.3869180048,raw_likelihood,,13.8778817428353,7.7718180909059,5.03841846096649,203,14.6554136890202,71848.73150431579
204,seed204,73386.3890249708,raw_likelihood,,14.4571643831114,8.03372629182014,5.14011239992198,204,15.1911545917619,73371.19787037904
205,seed205,74637.2244690471,raw_likelihood,,15.4745560757069,8.89168092785661,5.29476545636234,205,15.8480512760335,74621.37641777107
206,seed206,69673.5322765014,raw_likelihood,,13.9332226426413,8.0668959513295,4.96613529343975,206,14.9208388629254,69658.61143763848
207,seed207,69424.487700836,raw_likelihood,,14.5152497695246,8.90829828030001,4.92255885692436,207,15.1219451520403,69409.36575568396
208,seed208,68926.080559191,raw_likelihood,,14.4148166198785,8.70779468385892,4.90460150226378,208,15.0634281638093,68911.0171310272
209,seed209,72622.9062575608,raw_likelihood,,13.8118084968969,7.79490239144171,5.03646881172765,209,14.4753830130852,72608.43087454772
210,seed210,68853.5879899971,raw_likelihood,,13.8487067399333,7.8631315192419,4.85333843676394,210,14.5542856328417,68839.03370436426
211,seed211,68560.1697330315,raw_likelihood,,14.2123977605403,8.34906161210587,4.7990519300643,211,14.3554695425058,68545.81426348898
212,seed212,67048.9432512568,raw_likelihood,,14.0133735557078,8.47088752140301,4.82298740172905,212,14.8283380745677,67034.11491318223
213,seed213,68068.7637398438,raw_likelihood,,13.6388971758913,7.78048535356937,4.75206891929144,213,14.2737769536672,68054.48996289013
214,seed214,74308.0241486208,raw_likelihood,,14.3510985230172,7.91215138256256,5.23522968551091,214,14.932792801339,74293.09135581946
215,seed215,69475.0680184977,raw_likelihood,,13.7117872152169,7.80144159058159,4.81120729596401,215,14.2505236657745,69460.81749483192
216,seed216,69113.750737724,raw_likelihood,,13.9989874832137,7.88318263017439,4.80245603225018,216,14.6743392392298,69099.07639848477
217,seed217,72790.1226402139,raw_likelihood,,15.3215465253084,8.88311455236095,5.29178325931401,217,16.2381658307665,72773.88447438313
218,seed218,73739.5646920093,raw_likelihood,,14.0007937222891,7.82672311515593,5.07228776828482,218,14.7652418527645,73724.79945015654
219,seed219,67464.1153851221,raw_likelihood,,13.5946255816801,7.78818721854216,4.70323906913998,219,14.2879960037072,67449.82738911839
220,seed220,74374.4987846292,raw_likelihood,,14.1470535856283,7.76192353402301,5.24783271469828,220,14.708169146592,74359.79061548262
221,seed221,71512.168164534,raw_likelihood,,13.9904337138393,7.84450488578158,4.91998553795436,221,14.4127033115768,71497.75546122242
222,seed222,70473.6719631185,raw_likelihood,,13.7552389141593,7.80671501714452,4.90149490489738,222,14.3259836046868,70459.3459795138
223,seed223,74533.7141438575,raw_likelihood,,14.2887940978836,7.84647747070454,5.26770497064933,223,14.7805821738592,74518.93356168365
224,seed224,67110.1208139532,raw_likelihood,,14.2426716822383,8.11107535012233,4.80343536827238,224,15.3848845354246,67094.73592941777
225,seed225,82016.4338975545,raw_likelihood,,15.4257846078658,8.63183766347972,5.93046164138622,225,16.0837822355842,82000.35011531891
226,seed226,74101.138789777,raw_likelihood,,14.1298867729246,7.78423165890311,5.21744833388708,226,14.7164068491365,74086.42238292786
227,seed227,68118.9172487537,raw_likelihood,,14.1025206226935,8.05127616542916,4.85721617673719,227,15.0398741125523,68103.87737464115
228,seed228,72173.9156197959,raw_likelihood,,14.0189345896183,7.85889905047619,5.04586669146262,228,14.7978135424115,72159.11780625349
229,seed229,73156.636464367,raw_likelihood,,15.2623022229463,8.78326861172261,5.0922450625022,229,15.8026812075703,73140.83378315943
230,seed230,72045.6211601793,raw_likelihood,,13.8503976185066,7.78361670316776,4.98052087591389,230,14.4409750046908,72031.18018517461
231,seed231,71873.8240043822,raw_likelihood,,13.9247768759159,7.81429031034261,4.99779178295483,231,14.7672729922183,71859.05673138998
232,seed232,85573.3370094458,raw_likelihood,,16.5620163090049,9.16739458805421,6.18695498875168,232,17.1187676803156,85556.21824176548
233,seed233,68215.4937821372,raw_likelihood,,13.6260094051349,7.77173057423996,4.75270844227341,233,14.3412661663138,68201.15251597088
234,seed234,68446.4771471433,raw_likelihood,,13.8092725497365,8.16285866919477,4.87438312496604,234,14.5657923547196,68431.91135478858
235,seed235,78843.3439173979,raw_likelihood,,15.187139395736,8.65938319165212,5.65656976499268,235,15.902495920674,78827.44142147723
236,seed236,71334.614388297,raw_likelihood,,14.437958492111,8.22975833136179,4.98298152527639,236,14.6657271137751,71319.94866118323
237,seed237,71345.8197982901,raw_likelihood,,13.7933874432782,7.78457996093081,4.97921554131707,237,14.3656293823703,71331.45416890773
238,seed238,72604.8351931084,raw_likelihood,,14.9052131153612,8.92364324122287,5.21061935808395,238,15.6642395449516,72589.17095356346
239,seed239,70433.5650290124,raw_likelihood,,13.697224499041,7.80617305599557,4.87135739810144,239,14.2538482812744,70419.31118073112
240,seed240,69517.5996230412,raw_likelihood,,13.8341176583685,7.85122955151186,4.92047293997083,240,14.414646202257,69503.18497683894
241,seed241,73248.3701381264,raw_likelihood,,14.0654141414641,7.79767764340908,5.10314767800248,241,14.6961715106704,73233.67396661572
242,seed242,68264.3406493408,raw_likelihood,,13.6432203495643,7.95502641546926,4.82312338217137,242,14.3048220968979,68250.0358272439
243,seed243,68036.9733124876,raw_likelihood,,14.0034096324328,7.97051235958429,4.85408181167507,243,15.0078833098052,68021.96542917778
244,seed244,75492.892506006,raw_likelihood,,14.4646469820076,7.88514167260612,5.35035638830178,244,14.9543978723722,75477.93810813363
245,seed245,68881.3525446629,raw_likelihood,,14.0956866094506,8.16520912270566,4.85724745304695,245,14.3580455521939,68866.99449911072
246,seed246,74091.2863460511,raw_likelihood,,14.094661780759,7.799913748226,5.17144749847083,246,14.7824352316513,74076.50391081945
247,seed247,81964.9985573342,raw_likelihood,,15.2507782934844,8.34430523031904,5.95182004102284,247,16.3761581821731,81948.62239915202
248,seed248,75408.5986439155,raw_likelihood,,14.7098222120328,8.11602017703563,5.30929952606457,248,15.0891468517576,75393.50949706374
249,seed249,68823.7493513519,raw_likelihood,,14.345673870895,8.16369992306334,4.94282042854407,249,15.4443965953244,68808.30495475658
250,seed250,69987.2057696794,raw_likelihood,,14.502725216618,8.62353170832426,4.99085870120881,250,15.2128380738066,69971.99293160561
251,seed251,68276.5830369346,raw_likelihood,,13.9969640189074,7.939671400031,4.77285051676664,251,14.8525492723022,68261.7304876623
252,seed252,69320.4768203641,raw_likelihood,,13.6698482174382,7.80720932709826,4.77082287468316,252,14.2423447491163,69306.23447561498
253,seed253,73171.8960422601,raw_likelihood,,14.3732749787984,8.13630774612461,5.0736115317485,253,14.614483434812,73157.28155882529
254,seed254,68888.8852834786,raw_likelihood,,13.5478271208079,8.0214461112212,4.84679127208891,254,14.2049570089588,68874.68032646964
255,seed255,71838.9681587914,raw_likelihood,,14.9583398232796,8.14542284452928,5.11559985360848,255,15.5076195879263,71823.46053920347
256,seed256,73286.7681844784,raw_likelihood,,14.553682498516,8.26032507464019,5.19289151718942,256,15.6702830233644,73271.09790145502
257,seed257,66742.5431234168,raw_likelihood,,14.0936443837404,8.04472905731429,4.77755769118087,257,15.1237270478845,66727.41939636892
258,seed258,71277.1670712889,raw_likelihood,,15.5667748290307,8.56191947799834,5.05369169145534,258,16.4240038981573,71260.74306739075
259,seed259,75537.4834251129,raw_likelihood,,14.7953003324188,8.12677523217718,5.35876853699373,259,15.0984609140629,75522.38496419885
260,seed260,68200.0089634013,raw_likelihood,,13.7010347757146,7.83307949647525,4.77255058172626,260,14.449502607771,68185.55946079353
261,seed261,71232.3211388566,raw_likelihood,,14.3843105043375,8.41705318025487,5.09446173049982,261,15.191965691947,71217.12917316465
262,seed262,70519.4067383062,raw_likelihood,,13.8280758202782,7.80506792374195,4.8397396166486,262,14.4726592708472,70504.93407903536
263,seed263,67784.9254484224,raw_likelihood,,14.1301646373608,7.94145422390706,4.89194232891022,263,15.0259164887243,67769.89953193367
264,seed264,67168.9659540342,raw_likelihood,,13.6047001907228,8.12503117942481,4.69942654716927,264,14.155814973853,67154.81013906034
265,seed265,67955.6578532583,raw_likelihood,,14.1706293273116,8.2680369326921,4.852667767018,265,14.6529211108536,67941.00493214744
266,seed266,75798.4767612815,raw_likelihood,,15.2186981697893,8.92162099489721,5.31005987176082,266,15.7250098645077,75782.751751417
267,seed267,67145.3464131337,raw_likelihood,,14.1926215638399,8.07105039026247,4.80602213695563,267,15.219539371695,67130.126873762
268,seed268,66079.0092988303,raw_likelihood,,14.0115535189608,7.97256576668234,4.66609334235442,268,15.0811946582069,66063.92810417208
269,seed269,73215.6239292768,raw_likelihood,,14.2668306738213,7.88456961730872,5.20051380502887,269,14.6567204265257,73200.96720885027
270,seed270,70232.1994611417,raw_likelihood,,14.5189626707558,8.45589997581279,4.99931540740438,270,15.4727984467729,70216.72666269493
271,seed271,70211.0751151205,raw_likelihood,,13.7867712357703,7.77284932885874,4.94103594099592,271,14.6233490508228,70196.45176606969
272,seed272,74372.9945836047,raw_likelihood,,14.608121651559,7.95817302796303,5.25005606578917,272,15.0270974199775,74357.96748618472
273,seed273,72184.7253528582,raw_likelihood,,13.7758394393357,7.7931358097068,4.99613413951863,273,14.4610385725493,72170.26431428564
274,seed274,70337.4323752302,raw_likelihood,,13.8506274037603,7.81202574070652,4.9335312820619,274,14.6083630995605,70322.82401213064
275,seed275,68135.981762606,raw_likelihood,,14.0465839853621,8.4353473155025,4.82146134372469,275,14.8340198626337,68121.14774274336
276,seed276,70515.1868598884,raw_likelihood,,14.848933568191,8.79875539075869,5.01605908519023,276,15.5886822809226,70499.59817760748
277,seed277,72104.0224368126,raw_likelihood,,13.8681678444626,7.79667139916262,4.97893584816946,277,14.7924739543918,72089.2299628582
278,seed278,72535.1542136519,raw_likelihood,,13.9000507710854,7.75130727637264,5.05957823939346,278,14.6280880540846,72520.52612559781
279,seed279,69671.2717674366,raw_likelihood,,13.693197192554,7.77709264392285,4.8166984586054,279,14.4357638089529,69656.83600362764
280,seed280,67829.820293883,raw_likelihood,,13.8095587846625,7.87358743808272,4.74950778958234,280,14.6906610813059,67815.1296328017
281,seed281,69053.1675597584,raw_likelihood,,13.6940142070262,8.0431415091009,4.88129154811934,281,14.6066431703641,69038.56091658803
282,seed282,73606.1368089997,raw_likelihood,,14.2616185745663,8.03442764669754,5.25502777365275,282,15.5732206758499,73590.56358832384
283,seed283,66749.1495582457,raw_likelihood,,14.0186381736197,7.88847340079239,4.78318313047263,283,14.7342079510933,66734.4153502946
284,seed284,79706.2932756452,raw_likelihood,,15.3743756655521,8.70880350216963,5.70653006083678,284,15.6531173008529,79690.64015834435
285,seed285,75595.1792448934,raw_likelihood,,18.7903156730467,10.4350489669842,5.36624839299852,285,19.1819266657665,75575.99731822763
286,seed286,73816.7895939573,raw_likelihood,,14.1643576426423,7.82719124322608,5.24928229696479,286,14.9700059558373,73801.81958800147
287,seed287,70870.4496233533,raw_likelihood,,13.8073364320889,7.79207700155872,4.91728388031488,287,14.4240963323671,70856.02552702093
288,seed288,68107.0734114064,raw_likelihood,,14.9458191347693,8.59322024799294,4.80331754716381,288,16.0735325881446,68090.99987881826
289,seed289,77408.4930791428,raw_likelihood,,15.2716088890947,8.10276365288454,5.51543236555593,289,15.5465503532198,77392.94652878959
290,seed290,67109.9443234952,raw_likelihood,,14.0943765911972,7.97144508339187,4.83615566349193,290,14.9903319373581,67094.95399155785
291,seed291,72698.0469020746,raw_likelihood,,14.0187228047334,7.95843613048813,5.15700570664985,291,14.7490347936201,72683.29786728097
292,seed292,68025.6778152591,raw_likelihood,,13.4705759857786,8.07996190296726,4.75954572982808,292,14.1371976265361,68011.54061763256
293,seed293,73049.5606900972,raw_likelihood,,15.0401525307302,8.53850984861137,5.1787560765425,293,15.7748605585048,73033.7858295387
294,seed294,67562.072450002,raw_likelihood,,13.613847110451,7.82103416296827,4.6523146411127,294,14.2765083530706,67547.79594164893
295,seed295,73246.5543479368,raw_likelihood,,14.6873420967228,8.14055378686553,5.29525838508513,295,15.2736712628483,73231.28067667395
296,seed296,75090.1083649414,raw_likelihood,,14.6579873302842,8.04753947445276,5.28557755006797,296,15.0262383524155,75075.082126589
297,seed297,68801.457786791,raw_likelihood,,14.773986031008,8.33164194834514,4.8794037224338,297,15.3024029230789,68786.15538386792
298,seed298,73442.1381392927,raw_likelihood,,14.994959266951,9.20994014718647,5.20568803354902,298,15.3718300697027,73426.76630922299
299,seed299,72395.886873282,raw_likelihood,,14.014527576361,7.77890587420642,5.11225623910935,299,14.7508580966276,72381.13601518537
300,seed300,66106.4033281437,raw_likelihood,,13.5731846585572,8.30326652602443,4.6257178197025,300,14.3445624703916,66092.05876567331
301,seed301,70900.3660629079,raw_likelihood,,14.3287720029277,8.08885140033269,5.07125347400717,301,14.8839851456033,70885.4820777623
302,seed302,79846.0051384637,raw_likelihood,,17.7836214389817,9.27649892904684,5.84138776593262,302,18.2012458846135,79827.80389257909
303,seed303,67741.5665343389,raw_likelihood,,13.662375326589,7.78767372989122,4.75818040903987,303,14.3937022134963,67727.1728321254
304,seed304,68782.1859581939,raw_likelihood,,13.5817118342233,7.90743782642802,4.80825096256157,304,14.479321083753,68767.70663711015
305,seed305,66978.1877929119,raw_likelihood,,13.7539449629788,7.84890380490695,4.67285626303072,305,14.5732147955106,66963.61457811638
306,seed306,71974.735740847,raw_likelihood,,14.4545802840152,8.05246234136025,5.20261460948182,306,15.4342469145988,71959.3014939324
307,seed307,73628.9240251858,raw_likelihood,,14.3822284716102,8.43568987921262,5.15232513239429,307,14.7408237135316,73614.18320147226
308,seed308,73709.4210656964,raw_likelihood,,14.0222136966738,7.78532902005449,5.19639519094865,308,14.6167436677513,73694.80432202865
309,seed309,73654.092561033,raw_likelihood,,14.1979833962613,7.78431982314152,5.23044548262459,309,14.8689795848396,73639.22358144817
310,seed310,70554.9962904065,raw_likelihood,,13.7752871366498,7.76342849511871,4.96279073374961,310,14.4211559244957,70540.575134482
311,seed311,73314.0027520974,raw_likelihood,,13.9728376278559,7.80506784169384,5.10502053232576,311,14.6048156636453,73299.39793643376
312,seed312,67479.2575867041,raw_likelihood,,14.0510885897018,7.99696152588734,4.86652306575926,312,15.1144403389313,67464.14314636517
313,seed313,76020.1646381496,raw_likelihood,,14.7022812052909,8.09686374618236,5.36180677980987,313,15.342531130397,76004.8221070192
314,seed314,70185.3692106002,raw_likelihood,,13.7583404730062,7.77899278550538,4.87993309715348,314,14.3714204329495,70170.99779016725
315,seed315,72461.1024516123,raw_likelihood,,13.9415449713811,7.76242480492401,5.12423086262417,315,14.7937803865125,72446.3086712258
316,seed316,67718.3916386184,raw_likelihood,,13.98176590779,8.28608922530711,4.76335280469628,316,14.25393137561,67704.13770724279
317,seed317,66881.8900323402,raw_likelihood,,13.6145353479501,8.16891820755304,4.7103807609201,317,14.2398553448358,66867.65017699538
318,seed318,72821.9153503535,raw_likelihood,,14.7477049158247,8.45388135611158,5.17882282205542,318,15.3844636778589,72806.53088667565
319,seed319,66885.9010679663,raw_likelihood,,14.050592964123,8.19296624900944,4.74849507764723,319,15.2274042949981,66870.6736636713
320,seed320,68853.9505651588,raw_likelihood,,13.8176868386372,7.88546943332219,4.84818616844003,320,14.6357450619148,68839.31482009689
321,seed321,68830.035225885,raw_likelihood,,14.4437201321148,8.49859863845617,4.82395581241466,321,15.2683517516724,68814.76687413333
322,seed322,69059.2212030319,raw_likelihood,,13.5339398104392,7.92980468669128,4.82555285271455,322,14.172441641488,69045.04876139041
323,seed323,71269.1851630057,raw_likelihood,,14.0422103507353,7.8040784114376,4.98280455625921,323,14.6244393701297,71254.56072363557
324,seed324,70384.1972444905,raw_likelihood,,13.789989602454,7.82620890264511,4.86730397123174,324,14.4306569873086,70369.76658750318
325,seed325,69446.0222327988,raw_likelihood,,13.7283268166075,7.78777911759181,4.79430031433733,325,14.396501366118,69431.62573143268
326,seed326,76250.8463929399,raw_likelihood,,14.7589160786612,8.09874184585765,5.38881770886645,326,15.063444343896,76235.78294859601
327,seed327,70937.6200006542,raw_likelihood,,14.1277061307291,8.0790978022841,4.97021249429583,327,14.8598731500605,70922.76012750415
328,seed328,75857.4356522868,raw_likelihood,,14.5940453006594,8.02581460558288,5.35945376237521,328,15.2842038709098,75842.1514484159
329,seed329,67483.4478463961,raw_likelihood,,13.7616883436322,7.80384982171611,4.770646027472,329,14.5883033849244,67468.85954301117
330,seed330,71786.9878173124,raw_likelihood,,13.9734752619755,7.81614042724167,5.00523515540516,330,14.6429965318498,71772.34482078055
331,seed331,72888.6364858238,raw_likelihood,,15.0628511534474,8.17705840939575,5.28974151562358,331,15.9115043845752,72872.72498143921
332,seed332,73917.5337329698,raw_likelihood,,14.0939830315356,7.74042005349398,5.21728199263778,332,14.6708197123605,73902.86291325743
333,seed333,73028.3400416075,raw_likelihood,,14.3615633816595,8.16234753259108,5.19337011005314,333,15.2564601753324,73013.08358143218
334,seed334,70062.045632041,raw_likelihood,,13.8482437000927,7.83866782802155,4.85154797640686,334,14.4167032208207,70047.62892882018
335,seed335,70160.8018988775,raw_likelihood,,14.9823493649869,9.28790573848567,4.86055719309597,335,15.7153626749022,70145.0865362026
336,seed336,73581.4003776067,raw_likelihood,,14.4799325574494,7.9717851186821,5.19325601431463,336,15.0194976860659,73566.38087992063
337,seed337,73432.1518826533,raw_likelihood,,14.0787447522709,7.83080720625218,5.16795872382366,337,14.8210697421557,73417.33081291114
338,seed338,70358.7824451066,raw_likelihood,,13.7793561145252,7.80917851660194,4.91274894591101,338,14.4031495194268,70344.37929558718
339,seed339,70735.9940368932,raw_likelihood,,13.660868310544,7.89007891775527,4.93119797518115,339,14.2243329440277,70721.76970394918
340,seed340,69756.6351992708,raw_likelihood,,13.7300522979739,7.96384626623687,4.98332091962021,340,14.5402190346559,69742.09498023614
341,seed341,68420.799719985,raw_likelihood,,14.908109615793,9.00569196354013,4.82520888952927,341,15.6554591490108,68405.144260836
342,seed342,70813.3740652122,raw_likelihood,,15.3820422102678,8.94495859099799,5.05098619624253,342,16.1323975469089,70797.2416676653
343,seed343,67179.011939328,raw_likelihood,,13.6731297730046,8.20752866711851,4.63446840960351,343,14.7702793852123,67164.2416599428
344,seed344,71157.49342169,raw_likelihood,,14.2135364819439,8.1607262016085,5.02921071117246,344,14.9167050315414,71142.57671665846
345,seed345,72615.8361824591,raw_likelihood,,13.893958482025,7.84472386970711,5.04466496173705,345,14.4863834016435,72601.34979905745
346,seed346,73013.9364983042,raw_likelihood,,13.8696387335011,7.78071460610015,5.10928937691774,346,14.6161092120117,72999.32038909219
347,seed347,68954.9545939207,raw_likelihood,,13.8603160785949,7.86999641748705,4.86174987639273,347,14.7731695277501,68940.18142439295
348,seed348,77216.7848070593,raw_likelihood,,14.4109178216654,7.78615059861926,5.52000238493085,348,15.0760070655418,77201.70879999376
349,seed349,75153.1364287387,raw_likelihood,,14.7947546281793,7.96067945104431,5.28176292020277,349,15.156018182847,75137.98041055584
350,seed350,70652.6582116829,raw_likelihood,,15.0384348425386,9.17665636238953,5.01738158151304,350,15.5715392425666,70637.08667244033
351,seed351,66283.2131536598,raw_likelihood,,13.7717576752447,7.86417771612997,4.68162343290303,351,14.619521302283,66268.59363235752
352,seed352,69450.8067674736,raw_likelihood,,14.4694724283698,7.89967965740825,4.97403841476282,352,15.1355673127931,69435.6712001608
353,seed353,76426.7073759223,raw_likelihood,,14.3754507001796,7.72609221739282,5.47613486991891,353,15.2801899109771,76411.42718601132
354,seed354,75110.5124052158,raw_likelihood,,15.8041603605271,9.25590304199054,5.60768003037703,354,16.105946548055,75094.40645866776
355,seed355,72166.0084974893,raw_likelihood,,14.6834797139841,8.45174532101894,5.09847733802361,355,15.4700538240378,72150.53844366525
356,seed356,70146.0084307138,raw_likelihood,,15.0357284767072,8.83405872497494,4.97557372900372,356,15.4969394692846,70130.51149124451
357,seed357,72962.4032004756,raw_likelihood,,14.2187722449692,7.93710240220545,5.2087055064668,357,15.1804728543969,72947.2227276212
358,seed358,66301.7816780867,raw_likelihood,,13.8528430596068,8.10377973246654,4.6816432725136,358,14.6136269153481,66287.16805117135
359,seed359,67320.4189410808,raw_likelihood,,13.9243198133845,8.23824253575725,4.73534708702759,359,14.2127975491178,67306.20614353169
360,seed360,69844.369839754,raw_likelihood,,14.7936021231472,8.99365795338655,4.79857973547417,360,15.7190505387469,69828.65078921526
361,seed361,73532.1037817481,raw_likelihood,,13.9831261152639,7.78197017805557,5.11057420731617,361,14.676296542954,73517.42748520515
362,seed362,71522.181013826,raw_likelihood,,14.0905585437884,7.81939838905241,4.96574359860509,362,14.8573776260887,71507.32363619992
363,seed363,67255.2303362053,raw_likelihood,,14.2481816113538,8.2867183708201,4.8392227673677,363,14.9898037056304,67240.24053249968
364,seed364,74259.2886120456,raw_likelihood,,14.2183385378932,7.82451103943214,5.23502085141372,364,14.9244152649595,74244.36419678063
365,seed365,71011.0166398876,raw_likelihood,,14.6440368980015,8.6590729346324,5.02023165899797,365,15.1110392603585,70995.90560062724
366,seed366,68841.1799994377,raw_likelihood,,13.5395994195713,7.95664357862936,4.80374361309401,366,14.1340195166425,68827.04597992107
367,seed367,67312.6637608083,raw_likelihood,,15.2667227880957,9.56676426230116,4.78286113218427,367,15.857412330271,67296.80634847803
368,seed368,77708.9137979756,raw_likelihood,,14.8868553153796,8.10347927114088,5.54898829642194,368,15.1605699017614,77693.75322807384
369,seed369,69900.5790018879,raw_likelihood,,14.8918310649798,8.59454751187088,5.08282175377361,369,15.4793186473237,69885.09968324058
370,seed370,67106.9649243774,raw_likelihood,,13.5623035502923,7.78415896707008,4.68776833262122,370,14.282188904447,67092.68273547296
371,seed371,71973.8663249554,raw_likelihood,,15.5906212579425,9.02206226883201,5.15436652576957,371,16.0234639809199,71957.84286097447
372,seed372,73969.3235980588,raw_likelihood,,14.234154168989,7.80772448812503,5.19216396219893,372,14.8350031868461,73954.48859487196
373,seed373,70488.682177704,raw_likelihood,,13.9064812452503,7.85440319839365,4.97492260486408,373,14.8431899483084,70473.83898775569
374,seed374,83286.1270888445,raw_likelihood,,15.9408933329839,8.52631736631274,6.00686574028133,374,16.2072734147823,83269.91981542972
375,seed375,75941.7447522912,raw_likelihood,,14.6925662020304,8.0775220154486,5.3422731604032,375,15.0396139739776,75926.70513831722
376,seed376,71221.7498588316,raw_likelihood,,13.9530591440615,7.90138356630915,5.0072251010169,376,15.3196922881157,71206.43016654348
377,seed377,71018.1948043814,raw_likelihood,,15.3300383278291,9.43134074271027,4.97200325213532,377,16.0216567278227,71002.17314765358
378,seed378,72191.7352666171,raw_likelihood,,14.8341472017331,8.37944547479458,5.15693696992939,378,15.7262278601514,72176.00903875695
379,seed379,71653.11252176,raw_likelihood,,14.06381749867,8.11258229265242,5.03382189705108,379,14.7542586552607,71638.35826310475
380,seed380,72539.5221664533,raw_likelihood,,14.8000703799233,7.98042750385742,5.19884687841581,380,15.6281005393653,72523.89406591393
381,seed381,74247.6092014111,raw_likelihood,,14.1961964515739,7.78677044100901,5.23230111487493,381,14.7669706594092,74232.8422307517
382,seed382,69771.8481228949,raw_likelihood,,13.8134699173429,7.84134193848354,4.84371368727441,382,14.6514681401694,69757.19665475472
383,seed383,73239.9218163852,raw_likelihood,,15.7656805128106,9.09472722631718,5.21250056779938,383,16.667112595473,73223.25470378973
384,seed384,72207.9273532007,raw_likelihood,,13.7904835139825,7.79973302129957,5.00053838036859,384,14.4559883335448,72193.47136486716
385,seed385,73970.8130678082,raw_likelihood,,14.5202627007833,8.0501584946955,5.1720183769735,385,15.0943462036252,73955.71872160457
386,seed386,69503.5515361537,raw_likelihood,,13.8165287711506,7.83594444520956,4.91737964454389,386,14.4367862602317,69489.11474989346
387,seed387,78586.1733255344,raw_likelihood,,15.4969648464675,8.49808433462583,5.91288339007074,387,16.0764074363861,78570.09691809802
388,seed388,71313.1993115047,raw_likelihood,,13.8459872378803,7.77772597340603,4.99175905948226,388,14.5328123575895,71298.6664991471
389,seed389,66690.8901897651,raw_likelihood,,13.9792350053141,8.21265513208506,4.69503604942301,389,14.5666867632843,66676.32350300181
390,seed390,70008.8834518976,raw_likelihood,,14.2650543732542,8.01869057840769,5.06569961936581,390,15.2316387076996,69993.65181318989
391,seed391,67005.3212273429,raw_likelihood,,13.8992991747126,8.23565260422125,4.71497746346576,391,14.1552830094769,66991.16594433342
392,seed392,67194.3041773094,raw_likelihood,,13.9177473090918,8.19808086586643,4.73587877201808,392,14.1405923733734,67180.16358493603
393,seed393,68244.2052570393,raw_likelihood,,15.264981972875,8.37278464687562,4.90370311709804,393,15.9543701304705,68228.25088690883
394,seed394,69613.5481131991,raw_likelihood,,15.3866309039654,9.65496394980767,4.93340115800532,394,15.9548120888732,69597.59330111022
395,seed395,72188.0391948802,raw_likelihood,,14.0518915059784,7.86861473620489,5.11542885663895,395,14.9593838725139,72173.07981100769
396,seed396,73208.3836065811,raw_likelihood,,14.7797083928806,8.10430527526121,5.17592790255373,396,15.4784542390191,73192.90515234208
397,seed397,83118.2405513253,raw_likelihood,,16.9613797782141,8.73540854401858,6.10758572076539,397,17.7021996576267,83100.53835166768
398,seed398,73867.2871383784,raw_likelihood,,13.9946889499599,7.78696482441869,5.16154978810732,398,14.6637411416095,73852.62339723678
399,seed399,77814.4283247756,raw_likelihood,,17.3114409573134,9.01414894438689,5.78161852507054,399,17.9988546528712,77796.42947012272
400,seed400,74944.8922694331,raw_likelihood,,16.7421970716776,8.90293436744843,5.49622416842591,400,17.7016481643937,74927.1906212687
401,seed401,70488.1340436518,raw_likelihood,,14.1963770195691,7.9898650295616,4.94972805498868,401,14.4457065744942,70473.6883370773
402,seed402,67859.3165551666,raw_likelihood,,13.932796996156,8.19612514366512,4.7551916707546,402,14.3341569609953,67844.98239820561
403,seed403,70657.4981569033,raw_likelihood,,13.6115359150624,7.86920934047622,4.97268150825417,403,14.4213042314734,70643.07685267182
404,seed404,76618.5972407096,raw_likelihood,,16.6797087204273,9.9590765247818,5.45250866230124,404,17.4333966109155,76601.16384409869
405,seed405,72294.0900108361,raw_likelihood,,13.8725668334915,7.80499783300842,4.9416303343088,405,14.6215299914013,72279.46848084469
406,seed406,75977.4435191046,raw_likelihood,,15.5466234251564,8.30240477193678,5.49944650193897,406,16.0836397427301,75961.35987936187
407,seed407,90362.151212236,raw_likelihood,,18.1302591012478,9.86110090312403,6.52427913322621,407,19.1069848078908,90343.04422742811
408,seed408,69218.6632371471,raw_likelihood,,13.7967087517208,7.77779493072887,4.91671045133271,408,14.6681762553658,69203.99506089174
409,seed409,72373.3881829676,raw_likelihood,,14.8921664658269,8.82074111771855,5.16001376414444,409,15.3529940266886,72358.0351889409
410,seed410,71324.6617283356,raw_likelihood,,14.4286743407609,8.37978426991515,4.98345836025979,410,15.283718607361,71309.37800972824
411,seed411,75651.330020311,raw_likelihood,,16.4791931362641,9.49158666553715,5.41717027128694,411,16.7317270120936,75634.5982932989
412,seed412,72450.60607271,raw_likelihood,,14.5684377210792,8.13031996327375,5.08965119512904,412,15.1643475156436,72435.44172519435
413,seed413,69577.8015421396,raw_likelihood,,14.6724557898336,8.39442171857191,5.00626523146005,413,15.717493312723,69562.08404882687
414,seed414,70683.6509347567,raw_likelihood,,13.8107966729078,8.06392590784463,4.99277331919077,414,14.3329857139614,70669.31794904274
415,seed415,68613.8005315909,raw_likelihood,,15.0292787626002,9.26758638377471,4.93996648217527,415,15.9274580623508,68597.87307352855
416,seed416,67642.537297965,raw_likelihood,,14.4209429280695,8.8328570172169,4.72796182928917,416,15.1445621693167,67627.39273579569
417,seed417,70405.4466626777,raw_likelihood,,13.9456319482161,8.22180720922305,4.86842920230063,417,14.4537995851657,70390.99286309253
418,seed418,69538.4687676861,raw_likelihood,,14.8558159892243,8.11179974493313,4.775570220211,418,15.3421778220828,69523.12658986403
419,seed419,71930.0764274316,raw_likelihood,,13.8046934898349,7.80555673089565,5.00286133602198,419,14.365922371485,71915.71050506012
420,seed420,74298.0751252074,raw_likelihood,,14.2607391055579,7.85157135985442,5.23928073404105,420,14.9980167900073,74283.07710841739
421,seed421,75881.7738594397,raw_likelihood,,14.6276215552959,8.02046615085376,5.38162842386336,421,15.0360109265062,75866.73784851319
422,seed422,67306.7449675451,raw_likelihood,,13.7089082989276,8.00495906333174,4.69284847352451,422,14.6766063548329,67292.06836119028
423,seed423,75533.0209830334,raw_likelihood,,14.587464418955,8.19210235428604,5.17711598799004,423,14.9358036712032,75518.0851793622
424,seed424,70288.336001889,raw_likelihood,,13.7082750154939,7.77855537169728,4.91457368184638,424,14.3196827741481,70274.01631911485
425,seed425,68978.6528766191,raw_likelihood,,14.6422451430479,8.2304786293016,4.96065573120525,425,15.4462852344823,68963.20659138462
426,seed426,69594.5865009594,raw_likelihood,,13.8798918722417,7.85128498097772,4.7981920611145,426,14.5505543868808,69580.03594657252
427,seed427,71432.0947264231,raw_likelihood,,13.8918138639254,7.76943193596433,4.99136449153925,427,14.5687573889887,71417.52596903412
428,seed428,73596.4038828816,raw_likelihood,,14.0579531102489,7.77078427244443,5.18322730622268,428,14.6436460828788,73581.76023679871
429,seed429,72292.0181383128,raw_likelihood,,13.9936521218521,7.96688381446478,5.09497435559846,429,14.6282836812039,72277.38985463159
430,seed430,75860.5677198915,raw_likelihood,,14.8490287944932,7.9742934889436,5.36797627143287,430,15.3646032434435,75845.20311664804
431,seed431,75040.4294905181,raw_likelihood,,14.1676745347926,7.8068883038097,5.23534447440813,431,14.7341178877575,75025.69537263035
432,seed432,69553.0078406746,raw_likelihood,,14.1985239624868,8.6450813277351,4.87205108081537,432,14.6625987235712,69538.34524195103
433,seed433,73107.9721581668,raw_likelihood,,15.7340450604708,8.23229565440886,5.19352453446883,433,16.3786348343136,73091.59352333249
434,seed434,75727.0443071186,raw_likelihood,,17.9328701957749,9.56403771210196,5.55053702749341,434,18.807754239088,75708.23655287952
435,seed435,69136.4837193136,raw_likelihood,,13.6612679468819,7.78660784346616,4.78834851633385,435,14.2198899018058,69122.2638294118
436,seed436,71413.736986321,raw_likelihood,,14.3759146421187,8.08332228620811,5.01412717959324,436,14.6730407613305,71399.06394555967
437,seed437,72252.8639751766,raw_likelihood,,14.011445777991,7.81064797063715,5.004303968183,437,14.5320564508187,72238.33191872579
438,seed438,70994.1692522562,raw_likelihood,,14.6686356582244,8.41903327376279,5.08061569700531,438,15.2896867933423,70978.87956546285
439,seed439,67344.9019068005,raw_likelihood,,13.6130100042734,7.78533719392018,4.71692582181915,439,14.5116349638739,67330.39027183663
440,seed440,70963.0240042339,raw_likelihood,,13.9881014054167,7.83884088285122,4.8676784236329,440,14.408081192283,70948.61592304162
441,seed441,68463.29393836,raw_likelihood,,13.675215590676,7.80706250363209,4.78325161588968,441,14.5442544911789,68448.74968386882
442,seed442,70939.8931634914,raw_likelihood,,14.9569831350487,8.58955028310799,5.03140164288396,442,15.5717398140999,70924.3214236773
443,seed443,70875.1405545687,raw_likelihood,,13.797338967749,7.75510141366725,4.97033992134809,443,14.7878006370635,70860.35275393164
444,seed444,72921.3283902938,raw_likelihood,,14.1996674176612,8.11735255005729,5.20216594698096,444,15.0572254980298,72906.27116479576
445,seed445,73107.2230321736,raw_likelihood,,13.9523177779422,7.76483458755947,5.05792916312225,445,14.5580403307664,73092.66499184283
446,seed446,72208.5069173105,raw_likelihood,,14.8411883266279,8.31725243448138,5.14231731009918,446,15.5487602994553,72192.95815701105
447,seed447,73257.0156535662,raw_likelihood,,14.0425454415638,7.77817131481125,5.21146608735681,447,14.8191105546688,73242.19654301152
448,seed448,68219.8833646163,raw_likelihood,,14.3176358252524,8.01530798680487,4.81633980511185,448,15.0441280711982,68204.8392365451
449,seed449,74776.1730201377,raw_likelihood,,14.9797756396877,9.0367158991938,5.3226579110954,449,15.5591330533582,74760.61388708434
450,seed450,69622.91743571,raw_likelihood,,14.7835939593593,9.02776189551314,4.90680851888292,450,15.2584541999124,69607.65898151009
451,seed451,75101.5483391177,raw_likelihood,,15.3201265478715,8.55088707852336,5.57564346194339,451,16.2953176180556,75085.25302149964
452,seed452,73138.3087405721,raw_likelihood,,14.3484878868623,8.088629867437,5.10974525732732,452,14.6565337183469,73123.65220685376
453,seed453,67754.731082673,raw_likelihood,,14.3840488948231,8.74566320252164,4.7526943006602,453,15.2212665277521,67739.50981614525
454,seed454,71925.9706756295,raw_likelihood,,15.0384075230625,9.30419933800409,5.13105263554151,454,15.7135437199972,71910.25713190952
455,seed455,70135.9474139588,raw_likelihood,,14.3810751693625,8.02143991932779,4.94600501599315,455,14.6002151369894,70121.34719882181
456,seed456,75739.9839021355,raw_likelihood,,16.820920950604,9.27382270069721,5.50888320744694,456,17.2114271097106,75722.77247502579
457,seed457,69746.6735670021,raw_likelihood,,14.4211593547062,8.49431100488904,4.96826545498251,457,15.4232452175713,69731.25032178452
458,seed458,69986.5842293728,raw_likelihood,,15.0872049294836,8.90918244918414,4.89481812292012,458,15.6542253650281,69970.93000400778
459,seed459,70739.84815338,raw_likelihood,,13.7366708713886,7.79824542787878,4.88224134638563,459,14.2765386009995,70725.571614779
460,seed460,69488.6711725883,raw_likelihood,,14.6021297010153,8.34409894593655,5.06959152457056,460,15.3803879827944,69473.29078460552
461,seed461,69939.6769365834,raw_likelihood,,13.9004176236791,7.85356543767806,4.8495151741533,461,14.708597162462,69924.96833942094
462,seed462,70474.5905416668,raw_likelihood,,13.6276533058892,7.87575751173845,4.91984296168019,462,14.2459972225785,70460.34454444422
463,seed463,68592.6581042514,raw_likelihood,,13.9015798796842,8.23710300389834,4.8397592732784,463,14.6842202396694,68577.97388401174
464,seed464,85918.9880042485,raw_likelihood,,19.6596938809901,11.1541075895113,6.67231492569966,464,19.9731457731525,85899.01485847535
465,seed465,72887.2789016843,raw_likelihood,,14.1207661357887,7.83015042750494,5.15005538275935,465,14.9071284880209,72872.37177319628
466,seed466,75295.151300575,raw_likelihood,,15.2240824940857,8.63872974867177,5.46695948893821,466,15.7560273855254,75279.39527318948
467,seed467,75029.0035496508,raw_likelihood,,14.4005993630261,7.85445348115342,5.28817993746724,467,14.9038410149771,75014.09970863583
468,seed468,73508.7630829373,raw_likelihood,,14.8477843390395,8.50668180097806,5.2646459798571,468,15.4521320789868,73493.3109508583
469,seed469,67573.8348234204,raw_likelihood,,13.6930366965895,8.12801945008591,4.72695548097494,469,14.4400830615129,67559.39474035888
470,seed470,71664.1789451603,raw_likelihood,,14.6701068989128,8.894658265516,5.09731592719485,470,15.4274263579688,71648.75151880232
471,seed471,73272.5536135235,raw_likelihood,,13.9691051615535,7.7751060438359,5.05545068318408,471,14.5820078971396,73257.97160562636
472,seed472,69021.7241754689,raw_likelihood,,13.6273271940856,7.78127688639443,4.77330745358583,472,14.2712878876623,69007.45288758124
473,seed473,70842.3047552559,raw_likelihood,,14.0448592790573,8.39509357892907,4.99204103684716,473,14.6941488418322,70827.61060641406
474,seed474,73847.1799832558,raw_likelihood,,14.1606868629921,7.81359800365822,5.1939835815549,474,14.6539713902389,73832.52601186556
475,seed475,73021.519296565,raw_likelihood,,16.0391401780907,8.5414926001655,5.44354356493012,475,16.8666030057153,73004.65269355928
476,seed476,71854.8521324675,raw_likelihood,,13.978128097974,7.78311981585461,5.0773230712947,476,14.7127855392922,71840.1393469282
477,seed477,71292.054440234,raw_likelihood,,13.9372059079509,7.81599038800652,4.90091756856721,477,14.6172592708121,71277.43718096318
478,seed478,73112.4072539903,raw_likelihood,,14.2625208234665,7.90922474527029,5.19423348975876,478,15.2762491003399,73097.13100488996
479,seed479,70309.2913550782,raw_likelihood,,13.7463557126406,7.77580408745414,4.88008939686391,479,14.3603564975375,70294.93099858066
480,seed480,73293.4465293034,raw_likelihood,,14.3934031139142,7.89294463833804,5.0586669299396,480,14.6779783627975,73278.7685509406
481,seed481,67109.1754302086,raw_likelihood,,14.5605863421541,8.68435622822977,4.81597142798965,481,15.2245637403853,67093.95086646822
482,seed482,67873.7496317929,raw_likelihood,,13.5807861568789,8.05082426567952,4.76870141649735,482,14.2988732437252,67859.45075854918
483,seed483,70409.2161463468,raw_likelihood,,15.477709039824,8.63522548769718,4.92424266729583,483,16.0100186324891,70393.20612771431
484,seed484,70831.3236515246,raw_likelihood,,14.2350853997173,8.11832058683369,4.97053675312096,484,14.4587425361866,70816.86490898841
485,seed485,70386.04407785,raw_likelihood,,14.0783214567132,7.88222664318447,5.03660183002524,485,14.9043796301383,70371.13969821986
486,seed486,69361.5756597187,raw_likelihood,,14.3577311712909,8.26234417314238,4.93463038364524,486,14.9739599016871,69346.60169981701
487,seed487,68721.131848157,raw_likelihood,,13.5114494376785,7.93212310781461,4.79928544580819,487,14.2908037899756,68706.84104436703
488,seed488,69447.0584283459,raw_likelihood,,14.258977701043,8.84804935147357,4.93082650549659,488,15.0803764852189,69431.97805186069
489,seed489,71947.2390077844,raw_likelihood,,14.5971697873178,8.14229487284144,5.16198934051213,489,15.1840229235536,71932.05498486085
490,seed490,73079.2089306462,raw_likelihood,,14.5650762785152,8.01863598939313,5.15062991033168,490,14.7421944498282,73064.46673619637
491,seed491,73255.1694982681,raw_likelihood,,14.1004405223929,7.81005514493426,5.11486683318811,491,14.8204542852123,73240.34904398287
492,seed492,70132.5259207054,raw_likelihood,,14.5761570809113,8.30620952288741,4.94061910166815,492,15.4713885387258,70117.05453216667
493,seed493,74244.6071293563,raw_likelihood,,14.2861025067483,7.95760949345923,5.22686613487917,493,15.0840421897196,74229.52308716658
494,seed494,71049.7973764841,raw_likelihood,,14.3603696440194,8.03996723462679,5.14592628946623,494,15.0052414231442,71034.79213506095
495,seed495,69255.4381829021,raw_likelihood,,13.939961918574,8.05652813857208,4.82396782854275,495,14.8059457514229,69240.63223715068
496,seed496,68515.3067106239,raw_likelihood,,13.8724695547982,7.86475182037113,4.80780476422163,496,14.5003821965799,68500.80632842732
497,seed497,68620.2464815285,raw_likelihood,,14.0442294123162,8.14277163670152,4.82676756019249,497,14.423607855679,68605.82287367282
498,seed498,68705.6031260428,raw_likelihood,,13.7336665926552,7.85988130884441,4.76753096323045,498,14.2599499346324,68691.34317610817
499,seed499,74262.2460917071,raw_likelihood,,14.6072625739333,8.32128445617271,5.33160350133485,499,15.4181029629827,74246.82798874412
500,seed500,69273.6014414624,raw_likelihood,,14.0964577848859,8.24239423994756,4.84220206554541,500,14.3000424360608,69259.30139902633
