pair,rank,seed,vivo_s44,vivo_s88,vitro_s44,vitro_s88,vivo_ratio_s88_s44,vitro_ratio_s88_s44,vivo_abs_gradient,vitro_abs_gradient
fit_joint_tsne_vi_seed138_C03Sc01_vt_seed10,1,seed122,0.9516621461555154,0.9579967482823313,0.203695250225646,0.8366802890104067,1.0066563560948665,4.10751005771398,0.006334602126815914,0.6329850387847606
fit_joint_tsne_vi_seed138_C03Sc01_vt_seed10,2,seed86,0.9516621461555154,0.9579967482823313,0.203695250225646,0.8366802890104067,1.0066563560948665,4.10751005771398,0.006334602126815914,0.6329850387847606
fit_joint_tsne_vi_seed138_C03Sc01_vt_seed10,3,seed180,0.9516621461555154,0.9579967482823313,0.203695250225646,0.8366802890104067,1.0066563560948665,4.10751005771398,0.006334602126815914,0.6329850387847606
fit_joint_tsne_vi_seed138_C03Sc01_vt_seed10,4,seed354,0.9516621461555154,0.9579967482823313,0.203695250225646,0.8366802890104067,1.0066563560948665,4.10751005771398,0.006334602126815914,0.6329850387847606
fit_joint_tsne_vi_seed138_C03Sc01_vt_seed10,5,seed148,0.9521442382230283,0.9584093754752389,0.19998241258441038,0.8349572174044004,1.0065800295802905,4.17515323779772,0.006265137252210562,0.63497480481999
fit_joint_tsne_vi_seed138_C03Sc01_vt_seed10,6,seed485,0.9516621461555154,0.9578949599391715,0.203695250225646,0.8309213136023947,1.006549397608001,4.079237550615104,0.006232813783656144,0.6272260633767488
fit_joint_tsne_vi_seed138_C03Sc01_vt_seed10,7,seed268,0.9516621461555154,0.9579967482823313,0.203695250225646,0.8366802890104067,1.0066563560948665,4.10751005771398,0.006334602126815914,0.6329850387847606
fit_joint_tsne_vi_seed138_C03Sc01_vt_seed10,8,seed451,0.9516621461555154,0.9579029874415217,0.203695250225646,0.8313814446646579,1.00655783285194,4.0814964695724845,0.006240841286006327,0.627686194439012
fit_joint_tsne_vi_seed138_C03Sc01_vt_seed10,9,seed355,0.9516621461555154,0.9579967482823313,0.203695250225646,0.8366802890104067,1.0066563560948665,4.10751005771398,0.006334602126815914,0.6329850387847606
fit_joint_tsne_vi_seed138_C03Sc01_vt_seed10,10,seed187,0.9516621461555154,0.9579967482823313,0.203695250225646,0.8366802890104067,1.0066563560948665,4.10751005771398,0.006334602126815914,0.6329850387847606
fit_joint_tsne_vi_seed25_C02Sc01_vt_seed10,1,seed497,0.72799836443028,0.9136329234654352,0.203695250225646,0.8366802890104067,1.2549930990304214,4.10751005771398,0.18563455903515524,0.6329850387847606
fit_joint_tsne_vi_seed25_C02Sc01_vt_seed10,2,seed389,0.72799836443028,0.9136329234654352,0.203695250225646,0.8366802890104067,1.2549930990304214,4.10751005771398,0.18563455903515524,0.6329850387847606
fit_joint_tsne_vi_seed25_C02Sc01_vt_seed10,3,seed298,0.72799836443028,0.9136329234654352,0.203695250225646,0.8366802890104067,1.2549930990304214,4.10751005771398,0.18563455903515524,0.6329850387847606
fit_joint_tsne_vi_seed25_C02Sc01_vt_seed10,4,seed26,0.72799836443028,0.9136329234654352,0.203695250225646,0.8366802890104067,1.2549930990304214,4.10751005771398,0.18563455903515524,0.6329850387847606
fit_joint_tsne_vi_seed25_C02Sc01_vt_seed10,5,seed98,0.72799836443028,0.9136329234654352,0.203695250225646,0.8366802890104067,1.2549930990304214,4.10751005771398,0.18563455903515524,0.6329850387847606
fit_joint_tsne_vi_seed25_C02Sc01_vt_seed10,6,seed291,0.72799836443028,0.9136329234654352,0.203695250225646,0.8366802890104067,1.2549930990304214,4.10751005771398,0.18563455903515524,0.6329850387847606
fit_joint_tsne_vi_seed25_C02Sc01_vt_seed10,7,seed458,0.72799836443028,0.9136329234654352,0.203695250225646,0.8366802890104067,1.2549930990304214,4.10751005771398,0.18563455903515524,0.6329850387847606
fit_joint_tsne_vi_seed25_C02Sc01_vt_seed10,8,seed285,0.72799836443028,0.9136329234654352,0.203695250225646,0.8366802890104067,1.2549930990304214,4.10751005771398,0.18563455903515524,0.6329850387847606
fit_joint_tsne_vi_seed25_C02Sc01_vt_seed10,9,seed299,0.72799836443028,0.9136329234654352,0.203695250225646,0.8366802890104067,1.2549930990304214,4.10751005771398,0.18563455903515524,0.6329850387847606
fit_joint_tsne_vi_seed25_C02Sc01_vt_seed10,10,seed375,0.72799836443028,0.9136329234654352,0.203695250225646,0.8366802890104067,1.2549930990304214,4.10751005771398,0.18563455903515524,0.6329850387847606
fit_joint_tsne_vi_seed290_C01Sc02_vt_seed10,1,seed155,0.948419042706982,0.9560208666262682,0.203695250225646,0.8366802890104067,1.0080152586325017,4.10751005771398,0.00760182391928621,0.6329850387847606
fit_joint_tsne_vi_seed290_C01Sc02_vt_seed10,2,seed28,0.948419042706982,0.9560208666262682,0.203695250225646,0.8366802890104067,1.0080152586325017,4.10751005771398,0.00760182391928621,0.6329850387847606
fit_joint_tsne_vi_seed290_C01Sc02_vt_seed10,3,seed211,0.948419042706982,0.9560208666262682,0.203695250225646,0.8366802890104067,1.0080152586325017,4.10751005771398,0.00760182391928621,0.6329850387847606
fit_joint_tsne_vi_seed290_C01Sc02_vt_seed10,4,seed176,0.948419042706982,0.9560208666262682,0.203695250225646,0.8366802890104067,1.0080152586325017,4.10751005771398,0.00760182391928621,0.6329850387847606
fit_joint_tsne_vi_seed290_C01Sc02_vt_seed10,5,seed307,0.948419042706982,0.9561325907834389,0.203695250225646,0.8432251101457698,1.0081330590478665,4.139640513029521,0.007713548076456966,0.6395298599201238
fit_joint_tsne_vi_seed290_C01Sc02_vt_seed10,6,seed241,0.948419042706982,0.9560208666262682,0.203695250225646,0.8366802890104067,1.0080152586325017,4.10751005771398,0.00760182391928621,0.6329850387847606
fit_joint_tsne_vi_seed290_C01Sc02_vt_seed10,7,seed303,0.948419042706982,0.9560208666262682,0.203695250225646,0.8366802890104067,1.0080152586325017,4.10751005771398,0.00760182391928621,0.6329850387847606
fit_joint_tsne_vi_seed290_C01Sc02_vt_seed10,8,seed130,0.948419042706982,0.9559079132444189,0.203695250225646,0.843348246190138,1.007896162139535,4.140245024152052,0.007488870537436965,0.6396529959644921
fit_joint_tsne_vi_seed290_C01Sc02_vt_seed10,9,seed405,0.948419042706982,0.9560208666262682,0.203695250225646,0.8366802890104067,1.0080152586325017,4.10751005771398,0.00760182391928621,0.6329850387847606
fit_joint_tsne_vi_seed290_C01Sc02_vt_seed10,10,seed357,0.948419042706982,0.9560208666262682,0.203695250225646,0.8366802890104067,1.0080152586325017,4.10751005771398,0.00760182391928621,0.6329850387847606
fit_joint_tsne_vi_seed311_C03Sc02_vt_seed10,1,seed18,0.8189275992160763,0.9037946063496285,0.203695250225646,0.8366802890104067,1.1036318805408338,4.10751005771398,0.08486700713355222,0.6329850387847606
fit_joint_tsne_vi_seed311_C03Sc02_vt_seed10,2,seed402,0.8189275992160763,0.9037946063496285,0.203695250225646,0.8366802890104067,1.1036318805408338,4.10751005771398,0.08486700713355222,0.6329850387847606
fit_joint_tsne_vi_seed311_C03Sc02_vt_seed10,3,seed255,0.8189275992160763,0.9037946063496285,0.203695250225646,0.8366802890104067,1.1036318805408338,4.10751005771398,0.08486700713355222,0.6329850387847606
fit_joint_tsne_vi_seed311_C03Sc02_vt_seed10,4,seed43,0.8189275992160763,0.9037946063496285,0.203695250225646,0.8366802890104067,1.1036318805408338,4.10751005771398,0.08486700713355222,0.6329850387847606
fit_joint_tsne_vi_seed311_C03Sc02_vt_seed10,5,seed34,0.8189275992160763,0.9037946063496285,0.203695250225646,0.8366802890104067,1.1036318805408338,4.10751005771398,0.08486700713355222,0.6329850387847606
fit_joint_tsne_vi_seed311_C03Sc02_vt_seed10,6,seed155,0.8189275992160763,0.9037946063496285,0.203695250225646,0.8366802890104067,1.1036318805408338,4.10751005771398,0.08486700713355222,0.6329850387847606
fit_joint_tsne_vi_seed311_C03Sc02_vt_seed10,7,seed264,0.8189275992160763,0.9037946063496285,0.203695250225646,0.8366802890104067,1.1036318805408338,4.10751005771398,0.08486700713355222,0.6329850387847606
fit_joint_tsne_vi_seed311_C03Sc02_vt_seed10,8,seed432,0.8189275992160763,0.9037946063496285,0.203695250225646,0.8366802890104067,1.1036318805408338,4.10751005771398,0.08486700713355222,0.6329850387847606
fit_joint_tsne_vi_seed311_C03Sc02_vt_seed10,9,seed200,0.8189275992160763,0.9037946063496285,0.203695250225646,0.8366802890104067,1.1036318805408338,4.10751005771398,0.08486700713355222,0.6329850387847606
fit_joint_tsne_vi_seed311_C03Sc02_vt_seed10,10,seed249,0.8189275992160763,0.9037946063496285,0.203695250225646,0.8366802890104067,1.1036318805408338,4.10751005771398,0.08486700713355222,0.6329850387847606
fit_joint_tsne_vi_seed322_C02Sc02_vt_seed10,1,seed54,0.7945043341418784,0.901415103072436,0.203695250225646,0.8366802890104067,1.1345628517508703,4.10751005771398,0.10691076893055762,0.6329850387847606
fit_joint_tsne_vi_seed322_C02Sc02_vt_seed10,2,seed52,0.7945043341418784,0.901415103072436,0.203695250225646,0.8366802890104067,1.1345628517508703,4.10751005771398,0.10691076893055762,0.6329850387847606
fit_joint_tsne_vi_seed322_C02Sc02_vt_seed10,3,seed80,0.7945043341418784,0.901415103072436,0.203695250225646,0.8366802890104067,1.1345628517508703,4.10751005771398,0.10691076893055762,0.6329850387847606
fit_joint_tsne_vi_seed322_C02Sc02_vt_seed10,4,seed174,0.7945043341418784,0.901415103072436,0.203695250225646,0.8366802890104067,1.1345628517508703,4.10751005771398,0.10691076893055762,0.6329850387847606
fit_joint_tsne_vi_seed322_C02Sc02_vt_seed10,5,seed336,0.7945043341418784,0.901415103072436,0.203695250225646,0.8366802890104067,1.1345628517508703,4.10751005771398,0.10691076893055762,0.6329850387847606
fit_joint_tsne_vi_seed322_C02Sc02_vt_seed10,6,seed132,0.7945043341418784,0.901415103072436,0.203695250225646,0.8366802890104067,1.1345628517508703,4.10751005771398,0.10691076893055762,0.6329850387847606
fit_joint_tsne_vi_seed322_C02Sc02_vt_seed10,7,seed433,0.7945043341418784,0.901415103072436,0.203695250225646,0.8366802890104067,1.1345628517508703,4.10751005771398,0.10691076893055762,0.6329850387847606
fit_joint_tsne_vi_seed322_C02Sc02_vt_seed10,8,seed211,0.7945043341418784,0.901415103072436,0.203695250225646,0.8366802890104067,1.1345628517508703,4.10751005771398,0.10691076893055762,0.6329850387847606
fit_joint_tsne_vi_seed322_C02Sc02_vt_seed10,9,seed438,0.7945043341418784,0.901415103072436,0.203695250225646,0.8366802890104067,1.1345628517508703,4.10751005771398,0.10691076893055762,0.6329850387847606
fit_joint_tsne_vi_seed322_C02Sc02_vt_seed10,10,seed295,0.7945043341418784,0.901415103072436,0.203695250225646,0.8366802890104067,1.1345628517508703,4.10751005771398,0.10691076893055762,0.6329850387847606
fit_joint_tsne_vi_seed366_C01Sc01_vt_seed10,1,seed472,0.7700259763031568,0.9083688662688993,0.203695250225646,0.8366802890104067,1.17966002995109,4.10751005771398,0.1383428899657425,0.6329850387847606
fit_joint_tsne_vi_seed366_C01Sc01_vt_seed10,2,seed386,0.7700259763031568,0.9083688662688993,0.203695250225646,0.8366802890104067,1.17966002995109,4.10751005771398,0.1383428899657425,0.6329850387847606
fit_joint_tsne_vi_seed366_C01Sc01_vt_seed10,3,seed494,0.7700259763031568,0.9083688662688993,0.203695250225646,0.8366802890104067,1.17966002995109,4.10751005771398,0.1383428899657425,0.6329850387847606
fit_joint_tsne_vi_seed366_C01Sc01_vt_seed10,4,seed71,0.7700259763031568,0.9083688662688993,0.203695250225646,0.8366802890104067,1.17966002995109,4.10751005771398,0.1383428899657425,0.6329850387847606
fit_joint_tsne_vi_seed366_C01Sc01_vt_seed10,5,seed178,0.7700259763031568,0.9083688662688993,0.203695250225646,0.8366802890104067,1.17966002995109,4.10751005771398,0.1383428899657425,0.6329850387847606
fit_joint_tsne_vi_seed366_C01Sc01_vt_seed10,6,seed251,0.7700259763031568,0.9083688662688993,0.203695250225646,0.8366802890104067,1.17966002995109,4.10751005771398,0.1383428899657425,0.6329850387847606
fit_joint_tsne_vi_seed366_C01Sc01_vt_seed10,7,seed53,0.7700259763031568,0.9083688662688993,0.203695250225646,0.8366802890104067,1.17966002995109,4.10751005771398,0.1383428899657425,0.6329850387847606
fit_joint_tsne_vi_seed366_C01Sc01_vt_seed10,8,seed140,0.7700259763031568,0.9083688662688993,0.203695250225646,0.8366802890104067,1.17966002995109,4.10751005771398,0.1383428899657425,0.6329850387847606
fit_joint_tsne_vi_seed366_C01Sc01_vt_seed10,9,seed276,0.7700259763031568,0.9083688662688993,0.203695250225646,0.8366802890104067,1.17966002995109,4.10751005771398,0.1383428899657425,0.6329850387847606
fit_joint_tsne_vi_seed366_C01Sc01_vt_seed10,10,seed279,0.7700259763031568,0.9083688662688993,0.203695250225646,0.8366802890104067,1.17966002995109,4.10751005771398,0.1383428899657425,0.6329850387847606
