pair,rank,seed,objective,objective_invivo,objective_invitro,objective_soft_coupling,soft_penalty_fraction_of_cap,local_attempted,local_accepted,deoptim_iterations,deoptim_stop_reason
fit_joint_tsne_vi_seed138_C03Sc01_vt_seed10,1,seed122,19.9782357885732,15.1606216594495,3.8573065312922,0.960307597831503,0.8574174980638418,True,False,81.0,early_stop_reltol_or_steptol
fit_joint_tsne_vi_seed138_C03Sc01_vt_seed10,2,seed86,20.0088357367508,15.175571434719,3.85684547430816,0.976418827723624,0.8718025247532356,True,False,53.0,early_stop_reltol_or_steptol
fit_joint_tsne_vi_seed138_C03Sc01_vt_seed10,3,seed180,20.0092830999986,15.1703831049633,3.85795167637771,0.980948318657537,0.8758467130870865,True,False,81.0,early_stop_reltol_or_steptol
fit_joint_tsne_vi_seed138_C03Sc01_vt_seed10,4,seed354,20.0103420352841,15.1870100901898,3.85738553145801,0.96594641363628,0.8624521550323928,True,False,58.0,early_stop_reltol_or_steptol
fit_joint_tsne_vi_seed138_C03Sc01_vt_seed10,5,seed148,20.0131631688353,15.1896920608129,3.86053393988534,0.962937168137053,0.8597653286937972,True,False,116.0,early_stop_reltol_or_steptol
fit_joint_tsne_vi_seed138_C03Sc01_vt_seed10,6,seed485,20.0143642467265,15.1977774975182,3.85631402949191,0.960272719716354,0.8573863568896016,True,False,69.0,early_stop_reltol_or_steptol
fit_joint_tsne_vi_seed138_C03Sc01_vt_seed10,7,seed268,20.0144739447935,15.1933725579893,3.85877796023452,0.962323426569614,0.859217345151441,True,False,38.0,early_stop_reltol_or_steptol
fit_joint_tsne_vi_seed138_C03Sc01_vt_seed10,8,seed451,20.0145391109349,15.1943105613023,3.85725292366844,0.962975625964123,0.8597996660393955,True,False,50.0,early_stop_reltol_or_steptol
fit_joint_tsne_vi_seed138_C03Sc01_vt_seed10,9,seed355,20.0190768726709,15.1971463961874,3.86147720510737,0.960453271376092,0.8575475637286535,True,False,38.0,early_stop_reltol_or_steptol
fit_joint_tsne_vi_seed138_C03Sc01_vt_seed10,10,seed187,20.0192429444527,15.1969928664702,3.86229610064726,0.959953977335207,0.8571017654778633,True,False,87.0,early_stop_reltol_or_steptol
fit_joint_tsne_vi_seed25_C02Sc01_vt_seed10,1,seed497,18.9704641759336,14.1156060934481,3.85253526260594,1.00232281987956,0.8949310891781784,True,False,46.0,early_stop_reltol_or_steptol
fit_joint_tsne_vi_seed25_C02Sc01_vt_seed10,2,seed389,18.9726945574714,14.1174511004594,3.85292063713244,1.00232281987956,0.8949310891781784,True,False,26.0,early_stop_reltol_or_steptol
fit_joint_tsne_vi_seed25_C02Sc01_vt_seed10,3,seed298,18.9726969603447,14.1178388778592,3.85253526260594,1.00232281987956,0.8949310891781784,True,False,26.0,early_stop_reltol_or_steptol
fit_joint_tsne_vi_seed25_C02Sc01_vt_seed10,4,seed26,18.97270458352,14.1178465010345,3.85253526260594,1.00232281987956,0.8949310891781784,True,False,26.0,early_stop_reltol_or_steptol
fit_joint_tsne_vi_seed25_C02Sc01_vt_seed10,5,seed98,18.9727620578699,14.1178958146316,3.85254342335879,1.00232281987956,0.8949310891781784,True,False,26.0,early_stop_reltol_or_steptol
fit_joint_tsne_vi_seed25_C02Sc01_vt_seed10,6,seed291,18.9727901150504,14.1179320325649,3.85253526260594,1.00232281987956,0.8949310891781784,True,False,26.0,early_stop_reltol_or_steptol
fit_joint_tsne_vi_seed25_C02Sc01_vt_seed10,7,seed458,18.9728799471426,14.1180218646571,3.85253526260594,1.00232281987956,0.8949310891781784,True,False,26.0,early_stop_reltol_or_steptol
fit_joint_tsne_vi_seed25_C02Sc01_vt_seed10,8,seed285,18.9728882956682,14.1180302131827,3.85253526260594,1.00232281987956,0.8949310891781784,True,False,26.0,early_stop_reltol_or_steptol
fit_joint_tsne_vi_seed25_C02Sc01_vt_seed10,9,seed299,18.9729296968644,14.1180716143789,3.85253526260594,1.00232281987956,0.8949310891781784,True,False,26.0,early_stop_reltol_or_steptol
fit_joint_tsne_vi_seed25_C02Sc01_vt_seed10,10,seed375,18.9729603576732,14.1181022751877,3.85253526260594,1.00232281987956,0.8949310891781784,True,False,26.0,early_stop_reltol_or_steptol
fit_joint_tsne_vi_seed290_C01Sc02_vt_seed10,1,seed155,19.7913140832613,14.9902811900996,3.87376289361937,0.927269999542306,0.8279196424484875,True,False,54.0,early_stop_reltol_or_steptol
fit_joint_tsne_vi_seed290_C01Sc02_vt_seed10,2,seed28,19.7934768653304,14.9902035254516,3.85267053240206,0.950602807476791,0.8487525066757062,True,False,52.0,early_stop_reltol_or_steptol
fit_joint_tsne_vi_seed290_C01Sc02_vt_seed10,3,seed211,19.7935197992047,14.990197881526,3.85274677868966,0.950575138989,0.8487278026687499,True,False,57.0,early_stop_reltol_or_steptol
fit_joint_tsne_vi_seed290_C01Sc02_vt_seed10,4,seed176,19.7960448842897,14.9876246528202,3.86868244491035,0.939737786559075,0.8390515951420312,True,False,65.0,early_stop_reltol_or_steptol
fit_joint_tsne_vi_seed290_C01Sc02_vt_seed10,5,seed307,19.7980259039285,14.9879300083007,3.86042506072301,0.949670834904812,0.8479203883078678,True,False,74.0,early_stop_reltol_or_steptol
fit_joint_tsne_vi_seed290_C01Sc02_vt_seed10,6,seed241,19.7999952901528,14.9902231298911,3.85257892986282,0.957193230398853,0.8546368128561186,True,False,50.0,early_stop_reltol_or_steptol
fit_joint_tsne_vi_seed290_C01Sc02_vt_seed10,7,seed303,19.8003359414134,14.9903011764933,3.86864451956742,0.941390245352659,0.8405270047791598,True,False,40.0,early_stop_reltol_or_steptol
fit_joint_tsne_vi_seed290_C01Sc02_vt_seed10,8,seed130,19.8025203483391,14.9907356533445,3.85792431465653,0.953860380338072,0.8516610538732785,True,False,56.0,early_stop_reltol_or_steptol
fit_joint_tsne_vi_seed290_C01Sc02_vt_seed10,9,seed405,19.8026222250612,14.9902985601266,3.86625229399794,0.946071370936583,0.8447065811933776,True,False,60.0,early_stop_reltol_or_steptol
fit_joint_tsne_vi_seed290_C01Sc02_vt_seed10,10,seed357,19.8055233823592,14.9901869636455,3.85420874867683,0.961127670036831,0.8581497053900276,True,False,56.0,early_stop_reltol_or_steptol
fit_joint_tsne_vi_seed311_C03Sc02_vt_seed10,1,seed18,19.4144872936097,14.6037302670932,3.85267475313488,0.958082273381634,0.8554306012336017,True,False,64.0,early_stop_reltol_or_steptol
fit_joint_tsne_vi_seed311_C03Sc02_vt_seed10,2,seed402,19.4244061752049,14.6026099240239,3.86335021504086,0.958446036140083,0.8557553894107882,True,False,58.0,early_stop_reltol_or_steptol
fit_joint_tsne_vi_seed311_C03Sc02_vt_seed10,3,seed255,19.4244829936728,14.6048450828839,3.86370475472341,0.955933156065474,0.8535117464870303,True,False,52.0,early_stop_reltol_or_steptol
fit_joint_tsne_vi_seed311_C03Sc02_vt_seed10,4,seed43,19.4258497359334,14.6048179097866,3.86395044117986,0.957081384966943,0.8545369508633418,True,False,50.0,early_stop_reltol_or_steptol
fit_joint_tsne_vi_seed311_C03Sc02_vt_seed10,5,seed34,19.4263535185484,14.6048133023022,3.86379001689673,0.957750199349392,0.8551341065619571,True,False,30.0,early_stop_reltol_or_steptol
fit_joint_tsne_vi_seed311_C03Sc02_vt_seed10,6,seed155,19.4265068306356,14.6048300542115,3.8656558750829,0.956020901341247,0.8535900904832562,True,False,32.0,early_stop_reltol_or_steptol
fit_joint_tsne_vi_seed311_C03Sc02_vt_seed10,7,seed264,19.4271697311804,14.604838333013,3.86650478801207,0.955826610155349,0.853416616210133,True,False,37.0,early_stop_reltol_or_steptol
fit_joint_tsne_vi_seed311_C03Sc02_vt_seed10,8,seed432,19.4332192627959,14.6047523833702,3.85983347892173,0.968633400504053,0.8648512504500473,True,False,28.0,early_stop_reltol_or_steptol
fit_joint_tsne_vi_seed311_C03Sc02_vt_seed10,9,seed200,19.4337948735589,14.6047776104856,3.85966356200903,0.969353701064306,0.8654943759502731,True,False,46.0,early_stop_reltol_or_steptol
fit_joint_tsne_vi_seed311_C03Sc02_vt_seed10,10,seed249,19.4342101786089,14.6047766057884,3.85953944510946,0.969894127711058,0.865976899742016,True,False,54.0,early_stop_reltol_or_steptol
fit_joint_tsne_vi_seed322_C02Sc02_vt_seed10,1,seed54,18.8900595387654,14.1732822073113,3.86124211908987,0.855535212364247,0.7638707253252205,True,False,51.0,early_stop_reltol_or_steptol
fit_joint_tsne_vi_seed322_C02Sc02_vt_seed10,2,seed52,18.8981309639056,14.1725235203423,3.87683667269743,0.84877077086587,0.7578310454159554,True,False,51.0,early_stop_reltol_or_steptol
fit_joint_tsne_vi_seed322_C02Sc02_vt_seed10,3,seed80,18.9116797792825,14.1871987332585,3.85826598164779,0.866215064376221,0.7734063074787687,True,False,76.0,early_stop_reltol_or_steptol
fit_joint_tsne_vi_seed322_C02Sc02_vt_seed10,4,seed174,18.9119696550321,14.1725090839728,3.86590457644541,0.873555994613803,0.7799607094766097,True,False,31.0,early_stop_reltol_or_steptol
fit_joint_tsne_vi_seed322_C02Sc02_vt_seed10,5,seed336,18.9136730191388,14.1725070948975,3.86534813588259,0.875817788358708,0.7819801681774178,True,False,28.0,early_stop_reltol_or_steptol
fit_joint_tsne_vi_seed322_C02Sc02_vt_seed10,6,seed132,18.9139107099569,14.1725068227168,3.86527223353374,0.876131653706281,0.7822604050948937,True,False,37.0,early_stop_reltol_or_steptol
fit_joint_tsne_vi_seed322_C02Sc02_vt_seed10,7,seed433,18.9139863793036,14.17249041097,3.86524296760411,0.876253000729493,0.7823687506513329,True,False,54.0,early_stop_reltol_or_steptol
fit_joint_tsne_vi_seed322_C02Sc02_vt_seed10,8,seed211,18.9163946218076,14.1724678646017,3.86448930178328,0.879437455422661,0.785212013770233,True,False,51.0,early_stop_reltol_or_steptol
fit_joint_tsne_vi_seed322_C02Sc02_vt_seed10,9,seed438,18.9198583280572,14.171753688306,3.86434063208368,0.883764007667568,0.7890750068460428,True,False,51.0,early_stop_reltol_or_steptol
fit_joint_tsne_vi_seed322_C02Sc02_vt_seed10,10,seed295,18.9255722200102,14.1724942859956,3.86185644958778,0.89122148442681,0.7957334682382232,True,False,50.0,early_stop_reltol_or_steptol
fit_joint_tsne_vi_seed366_C01Sc01_vt_seed10,1,seed472,18.8522859133708,14.126420628928,3.85848488691969,0.867380397523139,0.7744467835028026,True,False,56.0,early_stop_reltol_or_steptol
fit_joint_tsne_vi_seed366_C01Sc01_vt_seed10,2,seed386,18.8581768528694,14.1329524787954,3.85735109977089,0.86787327430311,0.7748868520563481,True,False,61.0,early_stop_reltol_or_steptol
fit_joint_tsne_vi_seed366_C01Sc01_vt_seed10,3,seed494,18.8584608366853,14.1330412685094,3.8581145161376,0.867305052038329,0.774379510748508,True,False,72.0,early_stop_reltol_or_steptol
fit_joint_tsne_vi_seed366_C01Sc01_vt_seed10,4,seed71,18.8597059816659,14.1340973929725,3.85789376535074,0.86771482334265,0.7747453779845089,True,False,42.0,early_stop_reltol_or_steptol
fit_joint_tsne_vi_seed366_C01Sc01_vt_seed10,5,seed178,18.8603905272211,14.1321506446564,3.85579036294187,0.872449519622858,0.7789727853775517,True,False,33.0,early_stop_reltol_or_steptol
fit_joint_tsne_vi_seed366_C01Sc01_vt_seed10,6,seed251,18.8607948153975,14.134101564128,3.85630809316538,0.870385158104039,0.7771296054500348,True,False,30.0,early_stop_reltol_or_steptol
fit_joint_tsne_vi_seed366_C01Sc01_vt_seed10,7,seed53,18.8639915998995,14.1327036993343,3.85510191803447,0.876185982530712,0.78230891297385,True,False,75.0,early_stop_reltol_or_steptol
fit_joint_tsne_vi_seed366_C01Sc01_vt_seed10,8,seed140,18.8644000810947,14.1340874410274,3.85529975573072,0.875012884336565,0.7812615038719329,True,False,32.0,early_stop_reltol_or_steptol
fit_joint_tsne_vi_seed366_C01Sc01_vt_seed10,9,seed276,18.8653472648041,14.1340841889372,3.85508913958342,0.876173936283476,0.7822981573959606,True,False,38.0,early_stop_reltol_or_steptol
fit_joint_tsne_vi_seed366_C01Sc01_vt_seed10,10,seed279,18.8666264262352,14.133806456813,3.85484626315228,0.877973706269917,0.7839050948838544,True,False,62.0,early_stop_reltol_or_steptol
