fit,seed,key,value,pair
invivo,seed25,branch,soft_coupling,
invivo,seed25,commit,54c5d500bf608f9c24a0a5262a369506f4376d2c,
invivo,seed25,dirty_status,dirty,
invivo,seed366,branch,soft_coupling,
invivo,seed366,commit,54c5d500bf608f9c24a0a5262a369506f4376d2c,
invivo,seed366,dirty_status,dirty,
invivo,seed292,branch,soft_coupling,
invivo,seed292,commit,54c5d500bf608f9c24a0a5262a369506f4376d2c,
invivo,seed292,dirty_status,dirty,
invivo,seed392,branch,soft_coupling,
invivo,seed392,commit,54c5d500bf608f9c24a0a5262a369506f4376d2c,
invivo,seed392,dirty_status,dirty,
invivo,seed90,branch,soft_coupling,
invivo,seed90,commit,54c5d500bf608f9c24a0a5262a369506f4376d2c,
invivo,seed90,dirty_status,dirty,
invivo,seed391,branch,soft_coupling,
invivo,seed391,commit,54c5d500bf608f9c24a0a5262a369506f4376d2c,
invivo,seed391,dirty_status,dirty,
invivo,seed264,branch,soft_coupling,
invivo,seed264,commit,54c5d500bf608f9c24a0a5262a369506f4376d2c,
invivo,seed264,dirty_status,dirty,
invivo,seed109,branch,soft_coupling,
invivo,seed109,commit,54c5d500bf608f9c24a0a5262a369506f4376d2c,
invivo,seed109,dirty_status,dirty,
invivo,seed322,branch,soft_coupling,
invivo,seed322,commit,54c5d500bf608f9c24a0a5262a369506f4376d2c,
invivo,seed322,dirty_status,dirty,
invivo,seed26,branch,soft_coupling,
invivo,seed26,commit,54c5d500bf608f9c24a0a5262a369506f4376d2c,
invivo,seed26,dirty_status,dirty,
invitro,seed10,run_provenance_present,False,
invitro,seed132,run_provenance_present,False,
invitro,seed81,run_provenance_present,False,
invitro,seed294,run_provenance_present,False,
invitro,seed337,run_provenance_present,False,
invitro,seed106,run_provenance_present,False,
invitro,seed317,run_provenance_present,False,
invitro,seed140,run_provenance_present,False,
invitro,seed285,run_provenance_present,False,
invitro,seed464,run_provenance_present,False,
joint,seed122,branch,soft_coupling,fit_joint_tsne_vi_seed138_C03Sc01_vt_seed10
joint,seed122,commit,3d4985997c54f34c3b1a30cc72462a282cff4817,fit_joint_tsne_vi_seed138_C03Sc01_vt_seed10
joint,seed122,dirty_status,dirty,fit_joint_tsne_vi_seed138_C03Sc01_vt_seed10
joint,seed86,branch,soft_coupling,fit_joint_tsne_vi_seed138_C03Sc01_vt_seed10
joint,seed86,commit,3d4985997c54f34c3b1a30cc72462a282cff4817,fit_joint_tsne_vi_seed138_C03Sc01_vt_seed10
joint,seed86,dirty_status,dirty,fit_joint_tsne_vi_seed138_C03Sc01_vt_seed10
joint,seed180,branch,soft_coupling,fit_joint_tsne_vi_seed138_C03Sc01_vt_seed10
joint,seed180,commit,3d4985997c54f34c3b1a30cc72462a282cff4817,fit_joint_tsne_vi_seed138_C03Sc01_vt_seed10
joint,seed180,dirty_status,dirty,fit_joint_tsne_vi_seed138_C03Sc01_vt_seed10
joint,seed354,branch,soft_coupling,fit_joint_tsne_vi_seed138_C03Sc01_vt_seed10
joint,seed354,commit,3d4985997c54f34c3b1a30cc72462a282cff4817,fit_joint_tsne_vi_seed138_C03Sc01_vt_seed10
joint,seed354,dirty_status,dirty,fit_joint_tsne_vi_seed138_C03Sc01_vt_seed10
joint,seed148,branch,soft_coupling,fit_joint_tsne_vi_seed138_C03Sc01_vt_seed10
joint,seed148,commit,3d4985997c54f34c3b1a30cc72462a282cff4817,fit_joint_tsne_vi_seed138_C03Sc01_vt_seed10
joint,seed148,dirty_status,dirty,fit_joint_tsne_vi_seed138_C03Sc01_vt_seed10
joint,seed485,branch,soft_coupling,fit_joint_tsne_vi_seed138_C03Sc01_vt_seed10
joint,seed485,commit,3d4985997c54f34c3b1a30cc72462a282cff4817,fit_joint_tsne_vi_seed138_C03Sc01_vt_seed10
joint,seed485,dirty_status,dirty,fit_joint_tsne_vi_seed138_C03Sc01_vt_seed10
joint,seed268,branch,soft_coupling,fit_joint_tsne_vi_seed138_C03Sc01_vt_seed10
joint,seed268,commit,3d4985997c54f34c3b1a30cc72462a282cff4817,fit_joint_tsne_vi_seed138_C03Sc01_vt_seed10
joint,seed268,dirty_status,dirty,fit_joint_tsne_vi_seed138_C03Sc01_vt_seed10
joint,seed451,branch,soft_coupling,fit_joint_tsne_vi_seed138_C03Sc01_vt_seed10
joint,seed451,commit,3d4985997c54f34c3b1a30cc72462a282cff4817,fit_joint_tsne_vi_seed138_C03Sc01_vt_seed10
joint,seed451,dirty_status,dirty,fit_joint_tsne_vi_seed138_C03Sc01_vt_seed10
joint,seed355,branch,soft_coupling,fit_joint_tsne_vi_seed138_C03Sc01_vt_seed10
joint,seed355,commit,3d4985997c54f34c3b1a30cc72462a282cff4817,fit_joint_tsne_vi_seed138_C03Sc01_vt_seed10
joint,seed355,dirty_status,dirty,fit_joint_tsne_vi_seed138_C03Sc01_vt_seed10
joint,seed187,branch,soft_coupling,fit_joint_tsne_vi_seed138_C03Sc01_vt_seed10
joint,seed187,commit,3d4985997c54f34c3b1a30cc72462a282cff4817,fit_joint_tsne_vi_seed138_C03Sc01_vt_seed10
joint,seed187,dirty_status,dirty,fit_joint_tsne_vi_seed138_C03Sc01_vt_seed10
joint,seed497,branch,soft_coupling,fit_joint_tsne_vi_seed25_C02Sc01_vt_seed10
joint,seed497,commit,3d4985997c54f34c3b1a30cc72462a282cff4817,fit_joint_tsne_vi_seed25_C02Sc01_vt_seed10
joint,seed497,dirty_status,dirty,fit_joint_tsne_vi_seed25_C02Sc01_vt_seed10
joint,seed389,branch,soft_coupling,fit_joint_tsne_vi_seed25_C02Sc01_vt_seed10
joint,seed389,commit,3d4985997c54f34c3b1a30cc72462a282cff4817,fit_joint_tsne_vi_seed25_C02Sc01_vt_seed10
joint,seed389,dirty_status,dirty,fit_joint_tsne_vi_seed25_C02Sc01_vt_seed10
joint,seed298,branch,soft_coupling,fit_joint_tsne_vi_seed25_C02Sc01_vt_seed10
joint,seed298,commit,3d4985997c54f34c3b1a30cc72462a282cff4817,fit_joint_tsne_vi_seed25_C02Sc01_vt_seed10
joint,seed298,dirty_status,dirty,fit_joint_tsne_vi_seed25_C02Sc01_vt_seed10
joint,seed26,branch,soft_coupling,fit_joint_tsne_vi_seed25_C02Sc01_vt_seed10
joint,seed26,commit,3d4985997c54f34c3b1a30cc72462a282cff4817,fit_joint_tsne_vi_seed25_C02Sc01_vt_seed10
joint,seed26,dirty_status,dirty,fit_joint_tsne_vi_seed25_C02Sc01_vt_seed10
joint,seed98,branch,soft_coupling,fit_joint_tsne_vi_seed25_C02Sc01_vt_seed10
joint,seed98,commit,3d4985997c54f34c3b1a30cc72462a282cff4817,fit_joint_tsne_vi_seed25_C02Sc01_vt_seed10
joint,seed98,dirty_status,dirty,fit_joint_tsne_vi_seed25_C02Sc01_vt_seed10
joint,seed291,branch,soft_coupling,fit_joint_tsne_vi_seed25_C02Sc01_vt_seed10
joint,seed291,commit,3d4985997c54f34c3b1a30cc72462a282cff4817,fit_joint_tsne_vi_seed25_C02Sc01_vt_seed10
joint,seed291,dirty_status,dirty,fit_joint_tsne_vi_seed25_C02Sc01_vt_seed10
joint,seed458,branch,soft_coupling,fit_joint_tsne_vi_seed25_C02Sc01_vt_seed10
joint,seed458,commit,3d4985997c54f34c3b1a30cc72462a282cff4817,fit_joint_tsne_vi_seed25_C02Sc01_vt_seed10
joint,seed458,dirty_status,dirty,fit_joint_tsne_vi_seed25_C02Sc01_vt_seed10
joint,seed285,branch,soft_coupling,fit_joint_tsne_vi_seed25_C02Sc01_vt_seed10
joint,seed285,commit,3d4985997c54f34c3b1a30cc72462a282cff4817,fit_joint_tsne_vi_seed25_C02Sc01_vt_seed10
joint,seed285,dirty_status,dirty,fit_joint_tsne_vi_seed25_C02Sc01_vt_seed10
joint,seed299,branch,soft_coupling,fit_joint_tsne_vi_seed25_C02Sc01_vt_seed10
joint,seed299,commit,3d4985997c54f34c3b1a30cc72462a282cff4817,fit_joint_tsne_vi_seed25_C02Sc01_vt_seed10
joint,seed299,dirty_status,dirty,fit_joint_tsne_vi_seed25_C02Sc01_vt_seed10
joint,seed375,branch,soft_coupling,fit_joint_tsne_vi_seed25_C02Sc01_vt_seed10
joint,seed375,commit,3d4985997c54f34c3b1a30cc72462a282cff4817,fit_joint_tsne_vi_seed25_C02Sc01_vt_seed10
joint,seed375,dirty_status,dirty,fit_joint_tsne_vi_seed25_C02Sc01_vt_seed10
joint,seed155,branch,soft_coupling,fit_joint_tsne_vi_seed290_C01Sc02_vt_seed10
joint,seed155,commit,3d4985997c54f34c3b1a30cc72462a282cff4817,fit_joint_tsne_vi_seed290_C01Sc02_vt_seed10
joint,seed155,dirty_status,dirty,fit_joint_tsne_vi_seed290_C01Sc02_vt_seed10
joint,seed28,branch,soft_coupling,fit_joint_tsne_vi_seed290_C01Sc02_vt_seed10
joint,seed28,commit,3d4985997c54f34c3b1a30cc72462a282cff4817,fit_joint_tsne_vi_seed290_C01Sc02_vt_seed10
joint,seed28,dirty_status,dirty,fit_joint_tsne_vi_seed290_C01Sc02_vt_seed10
joint,seed211,branch,soft_coupling,fit_joint_tsne_vi_seed290_C01Sc02_vt_seed10
joint,seed211,commit,3d4985997c54f34c3b1a30cc72462a282cff4817,fit_joint_tsne_vi_seed290_C01Sc02_vt_seed10
joint,seed211,dirty_status,dirty,fit_joint_tsne_vi_seed290_C01Sc02_vt_seed10
joint,seed176,branch,soft_coupling,fit_joint_tsne_vi_seed290_C01Sc02_vt_seed10
joint,seed176,commit,3d4985997c54f34c3b1a30cc72462a282cff4817,fit_joint_tsne_vi_seed290_C01Sc02_vt_seed10
joint,seed176,dirty_status,dirty,fit_joint_tsne_vi_seed290_C01Sc02_vt_seed10
joint,seed307,branch,soft_coupling,fit_joint_tsne_vi_seed290_C01Sc02_vt_seed10
joint,seed307,commit,3d4985997c54f34c3b1a30cc72462a282cff4817,fit_joint_tsne_vi_seed290_C01Sc02_vt_seed10
joint,seed307,dirty_status,dirty,fit_joint_tsne_vi_seed290_C01Sc02_vt_seed10
joint,seed241,branch,soft_coupling,fit_joint_tsne_vi_seed290_C01Sc02_vt_seed10
joint,seed241,commit,3d4985997c54f34c3b1a30cc72462a282cff4817,fit_joint_tsne_vi_seed290_C01Sc02_vt_seed10
joint,seed241,dirty_status,dirty,fit_joint_tsne_vi_seed290_C01Sc02_vt_seed10
joint,seed303,branch,soft_coupling,fit_joint_tsne_vi_seed290_C01Sc02_vt_seed10
joint,seed303,commit,3d4985997c54f34c3b1a30cc72462a282cff4817,fit_joint_tsne_vi_seed290_C01Sc02_vt_seed10
joint,seed303,dirty_status,dirty,fit_joint_tsne_vi_seed290_C01Sc02_vt_seed10
joint,seed130,branch,soft_coupling,fit_joint_tsne_vi_seed290_C01Sc02_vt_seed10
joint,seed130,commit,3d4985997c54f34c3b1a30cc72462a282cff4817,fit_joint_tsne_vi_seed290_C01Sc02_vt_seed10
joint,seed130,dirty_status,dirty,fit_joint_tsne_vi_seed290_C01Sc02_vt_seed10
joint,seed405,branch,soft_coupling,fit_joint_tsne_vi_seed290_C01Sc02_vt_seed10
joint,seed405,commit,3d4985997c54f34c3b1a30cc72462a282cff4817,fit_joint_tsne_vi_seed290_C01Sc02_vt_seed10
joint,seed405,dirty_status,dirty,fit_joint_tsne_vi_seed290_C01Sc02_vt_seed10
joint,seed357,branch,soft_coupling,fit_joint_tsne_vi_seed290_C01Sc02_vt_seed10
joint,seed357,commit,3d4985997c54f34c3b1a30cc72462a282cff4817,fit_joint_tsne_vi_seed290_C01Sc02_vt_seed10
joint,seed357,dirty_status,dirty,fit_joint_tsne_vi_seed290_C01Sc02_vt_seed10
joint,seed18,branch,soft_coupling,fit_joint_tsne_vi_seed311_C03Sc02_vt_seed10
joint,seed18,commit,3d4985997c54f34c3b1a30cc72462a282cff4817,fit_joint_tsne_vi_seed311_C03Sc02_vt_seed10
joint,seed18,dirty_status,dirty,fit_joint_tsne_vi_seed311_C03Sc02_vt_seed10
joint,seed402,branch,soft_coupling,fit_joint_tsne_vi_seed311_C03Sc02_vt_seed10
joint,seed402,commit,3d4985997c54f34c3b1a30cc72462a282cff4817,fit_joint_tsne_vi_seed311_C03Sc02_vt_seed10
joint,seed402,dirty_status,dirty,fit_joint_tsne_vi_seed311_C03Sc02_vt_seed10
joint,seed255,branch,soft_coupling,fit_joint_tsne_vi_seed311_C03Sc02_vt_seed10
joint,seed255,commit,3d4985997c54f34c3b1a30cc72462a282cff4817,fit_joint_tsne_vi_seed311_C03Sc02_vt_seed10
joint,seed255,dirty_status,dirty,fit_joint_tsne_vi_seed311_C03Sc02_vt_seed10
joint,seed43,branch,soft_coupling,fit_joint_tsne_vi_seed311_C03Sc02_vt_seed10
joint,seed43,commit,3d4985997c54f34c3b1a30cc72462a282cff4817,fit_joint_tsne_vi_seed311_C03Sc02_vt_seed10
joint,seed43,dirty_status,dirty,fit_joint_tsne_vi_seed311_C03Sc02_vt_seed10
joint,seed34,branch,soft_coupling,fit_joint_tsne_vi_seed311_C03Sc02_vt_seed10
joint,seed34,commit,3d4985997c54f34c3b1a30cc72462a282cff4817,fit_joint_tsne_vi_seed311_C03Sc02_vt_seed10
joint,seed34,dirty_status,dirty,fit_joint_tsne_vi_seed311_C03Sc02_vt_seed10
joint,seed155,branch,soft_coupling,fit_joint_tsne_vi_seed311_C03Sc02_vt_seed10
joint,seed155,commit,3d4985997c54f34c3b1a30cc72462a282cff4817,fit_joint_tsne_vi_seed311_C03Sc02_vt_seed10
joint,seed155,dirty_status,dirty,fit_joint_tsne_vi_seed311_C03Sc02_vt_seed10
joint,seed264,branch,soft_coupling,fit_joint_tsne_vi_seed311_C03Sc02_vt_seed10
joint,seed264,commit,3d4985997c54f34c3b1a30cc72462a282cff4817,fit_joint_tsne_vi_seed311_C03Sc02_vt_seed10
joint,seed264,dirty_status,dirty,fit_joint_tsne_vi_seed311_C03Sc02_vt_seed10
joint,seed432,branch,soft_coupling,fit_joint_tsne_vi_seed311_C03Sc02_vt_seed10
joint,seed432,commit,3d4985997c54f34c3b1a30cc72462a282cff4817,fit_joint_tsne_vi_seed311_C03Sc02_vt_seed10
joint,seed432,dirty_status,dirty,fit_joint_tsne_vi_seed311_C03Sc02_vt_seed10
joint,seed200,branch,soft_coupling,fit_joint_tsne_vi_seed311_C03Sc02_vt_seed10
joint,seed200,commit,3d4985997c54f34c3b1a30cc72462a282cff4817,fit_joint_tsne_vi_seed311_C03Sc02_vt_seed10
joint,seed200,dirty_status,dirty,fit_joint_tsne_vi_seed311_C03Sc02_vt_seed10
joint,seed249,branch,soft_coupling,fit_joint_tsne_vi_seed311_C03Sc02_vt_seed10
joint,seed249,commit,3d4985997c54f34c3b1a30cc72462a282cff4817,fit_joint_tsne_vi_seed311_C03Sc02_vt_seed10
joint,seed249,dirty_status,dirty,fit_joint_tsne_vi_seed311_C03Sc02_vt_seed10
joint,seed54,branch,soft_coupling,fit_joint_tsne_vi_seed322_C02Sc02_vt_seed10
joint,seed54,commit,3d4985997c54f34c3b1a30cc72462a282cff4817,fit_joint_tsne_vi_seed322_C02Sc02_vt_seed10
joint,seed54,dirty_status,dirty,fit_joint_tsne_vi_seed322_C02Sc02_vt_seed10
joint,seed52,branch,soft_coupling,fit_joint_tsne_vi_seed322_C02Sc02_vt_seed10
joint,seed52,commit,3d4985997c54f34c3b1a30cc72462a282cff4817,fit_joint_tsne_vi_seed322_C02Sc02_vt_seed10
joint,seed52,dirty_status,dirty,fit_joint_tsne_vi_seed322_C02Sc02_vt_seed10
joint,seed80,branch,soft_coupling,fit_joint_tsne_vi_seed322_C02Sc02_vt_seed10
joint,seed80,commit,3d4985997c54f34c3b1a30cc72462a282cff4817,fit_joint_tsne_vi_seed322_C02Sc02_vt_seed10
joint,seed80,dirty_status,dirty,fit_joint_tsne_vi_seed322_C02Sc02_vt_seed10
joint,seed174,branch,soft_coupling,fit_joint_tsne_vi_seed322_C02Sc02_vt_seed10
joint,seed174,commit,3d4985997c54f34c3b1a30cc72462a282cff4817,fit_joint_tsne_vi_seed322_C02Sc02_vt_seed10
joint,seed174,dirty_status,dirty,fit_joint_tsne_vi_seed322_C02Sc02_vt_seed10
joint,seed336,branch,soft_coupling,fit_joint_tsne_vi_seed322_C02Sc02_vt_seed10
joint,seed336,commit,3d4985997c54f34c3b1a30cc72462a282cff4817,fit_joint_tsne_vi_seed322_C02Sc02_vt_seed10
joint,seed336,dirty_status,dirty,fit_joint_tsne_vi_seed322_C02Sc02_vt_seed10
joint,seed132,branch,soft_coupling,fit_joint_tsne_vi_seed322_C02Sc02_vt_seed10
joint,seed132,commit,3d4985997c54f34c3b1a30cc72462a282cff4817,fit_joint_tsne_vi_seed322_C02Sc02_vt_seed10
joint,seed132,dirty_status,dirty,fit_joint_tsne_vi_seed322_C02Sc02_vt_seed10
joint,seed433,branch,soft_coupling,fit_joint_tsne_vi_seed322_C02Sc02_vt_seed10
joint,seed433,commit,3d4985997c54f34c3b1a30cc72462a282cff4817,fit_joint_tsne_vi_seed322_C02Sc02_vt_seed10
joint,seed433,dirty_status,dirty,fit_joint_tsne_vi_seed322_C02Sc02_vt_seed10
joint,seed211,branch,soft_coupling,fit_joint_tsne_vi_seed322_C02Sc02_vt_seed10
joint,seed211,commit,3d4985997c54f34c3b1a30cc72462a282cff4817,fit_joint_tsne_vi_seed322_C02Sc02_vt_seed10
joint,seed211,dirty_status,dirty,fit_joint_tsne_vi_seed322_C02Sc02_vt_seed10
joint,seed438,branch,soft_coupling,fit_joint_tsne_vi_seed322_C02Sc02_vt_seed10
joint,seed438,commit,3d4985997c54f34c3b1a30cc72462a282cff4817,fit_joint_tsne_vi_seed322_C02Sc02_vt_seed10
joint,seed438,dirty_status,dirty,fit_joint_tsne_vi_seed322_C02Sc02_vt_seed10
joint,seed295,branch,soft_coupling,fit_joint_tsne_vi_seed322_C02Sc02_vt_seed10
joint,seed295,commit,3d4985997c54f34c3b1a30cc72462a282cff4817,fit_joint_tsne_vi_seed322_C02Sc02_vt_seed10
joint,seed295,dirty_status,dirty,fit_joint_tsne_vi_seed322_C02Sc02_vt_seed10
joint,seed472,branch,soft_coupling,fit_joint_tsne_vi_seed366_C01Sc01_vt_seed10
joint,seed472,commit,3d4985997c54f34c3b1a30cc72462a282cff4817,fit_joint_tsne_vi_seed366_C01Sc01_vt_seed10
joint,seed472,dirty_status,dirty,fit_joint_tsne_vi_seed366_C01Sc01_vt_seed10
joint,seed386,branch,soft_coupling,fit_joint_tsne_vi_seed366_C01Sc01_vt_seed10
joint,seed386,commit,3d4985997c54f34c3b1a30cc72462a282cff4817,fit_joint_tsne_vi_seed366_C01Sc01_vt_seed10
joint,seed386,dirty_status,dirty,fit_joint_tsne_vi_seed366_C01Sc01_vt_seed10
joint,seed494,branch,soft_coupling,fit_joint_tsne_vi_seed366_C01Sc01_vt_seed10
joint,seed494,commit,3d4985997c54f34c3b1a30cc72462a282cff4817,fit_joint_tsne_vi_seed366_C01Sc01_vt_seed10
joint,seed494,dirty_status,dirty,fit_joint_tsne_vi_seed366_C01Sc01_vt_seed10
joint,seed71,branch,soft_coupling,fit_joint_tsne_vi_seed366_C01Sc01_vt_seed10
joint,seed71,commit,3d4985997c54f34c3b1a30cc72462a282cff4817,fit_joint_tsne_vi_seed366_C01Sc01_vt_seed10
joint,seed71,dirty_status,dirty,fit_joint_tsne_vi_seed366_C01Sc01_vt_seed10
joint,seed178,branch,soft_coupling,fit_joint_tsne_vi_seed366_C01Sc01_vt_seed10
joint,seed178,commit,3d4985997c54f34c3b1a30cc72462a282cff4817,fit_joint_tsne_vi_seed366_C01Sc01_vt_seed10
joint,seed178,dirty_status,dirty,fit_joint_tsne_vi_seed366_C01Sc01_vt_seed10
joint,seed251,branch,soft_coupling,fit_joint_tsne_vi_seed366_C01Sc01_vt_seed10
joint,seed251,commit,3d4985997c54f34c3b1a30cc72462a282cff4817,fit_joint_tsne_vi_seed366_C01Sc01_vt_seed10
joint,seed251,dirty_status,dirty,fit_joint_tsne_vi_seed366_C01Sc01_vt_seed10
joint,seed53,branch,soft_coupling,fit_joint_tsne_vi_seed366_C01Sc01_vt_seed10
joint,seed53,commit,3d4985997c54f34c3b1a30cc72462a282cff4817,fit_joint_tsne_vi_seed366_C01Sc01_vt_seed10
joint,seed53,dirty_status,dirty,fit_joint_tsne_vi_seed366_C01Sc01_vt_seed10
joint,seed140,branch,soft_coupling,fit_joint_tsne_vi_seed366_C01Sc01_vt_seed10
joint,seed140,commit,3d4985997c54f34c3b1a30cc72462a282cff4817,fit_joint_tsne_vi_seed366_C01Sc01_vt_seed10
joint,seed140,dirty_status,dirty,fit_joint_tsne_vi_seed366_C01Sc01_vt_seed10
joint,seed276,branch,soft_coupling,fit_joint_tsne_vi_seed366_C01Sc01_vt_seed10
joint,seed276,commit,3d4985997c54f34c3b1a30cc72462a282cff4817,fit_joint_tsne_vi_seed366_C01Sc01_vt_seed10
joint,seed276,dirty_status,dirty,fit_joint_tsne_vi_seed366_C01Sc01_vt_seed10
joint,seed279,branch,soft_coupling,fit_joint_tsne_vi_seed366_C01Sc01_vt_seed10
joint,seed279,commit,3d4985997c54f34c3b1a30cc72462a282cff4817,fit_joint_tsne_vi_seed366_C01Sc01_vt_seed10
joint,seed279,dirty_status,dirty,fit_joint_tsne_vi_seed366_C01Sc01_vt_seed10
