key	value
database_name	CLONEID
database_server_time	2026-07-31 23:26:42
database_session_time_zone	UTC
database_global_time_zone	UTC
source_dead_cell_tsv	sum159_all_db_cloneid_dead_cell_frequency.tsv
source_dead_cell_tsv_md5	c98e1b79c17dd0357a6de3a6ef359a94
sum159_snapshot_file	cloneid_passaging_sum159_snapshot_20260731.tsv
sum159_snapshot_rows	2236
sum159_snapshot_min_datetime	2022-05-05 09:34:20
sum159_snapshot_max_datetime	2026-07-07 16:17:37
source_parent_snapshot_file	cloneid_passaging_dead_cell_sources_and_parents_20260731.tsv
source_parent_snapshot_rows	240
source_ids_expected	240
source_ids_matched	240
sum159_query	SELECT `id`, `cellLine`, `event`, `passaged_from_id1`, `passaged_from_id2`, `passage`, `date`, `cellCount`, `correctedCount`, `Countess`, `growthType`, `comment`, `media`, `flask` FROM Passaging WHERE cellLine = 'SUM-159' ORDER BY date, id
source_parent_query	SELECT p.id AS db_source_id, p.cellLine AS db_cell_line, p.event AS db_event, p.passage AS db_biological_passage, p.date AS db_event_datetime, p.passaged_from_id1, p1.event AS parent1_event, p1.date AS parent1_datetime, p.passaged_from_id2, p2.event AS parent2_event, p2.date AS parent2_datetime, TIMESTAMPDIFF(SECOND, p1.date, p.date) / 86400.0 AS elapsed_days_from_parent1, TIMESTAMPDIFF(SECOND, p2.date, p.date) / 86400.0 AS elapsed_days_from_parent2 FROM Passaging p LEFT JOIN Passaging p1 ON p1.id = p.passaged_from_id1 LEFT JOIN Passaging p2 ON p2.id = p.passaged_from_id2 WHERE p.id IN ('SUM-159_NLS_2N_O2_A1_seed','SUM-159_NLS_4N_O2_A1_seed','SUM-159_NLS_2N_O2_A9_seedT3','SUM-159_NLS_2N_O2_A2_seed','SUM-159_NLS_2N_O2_A3_seed','SUM-159_NLS_2N_O2_A4_seed','SUM-159_NLS_2N_O2_A5_seed','SUM-159_NLS_2N_O2_A6_seed','SUM-159_NLS_2N_O2_A7_seed','SUM-159_NLS_2N_O2_A7K_seed','SUM-159_NLS_2N_O2_A8_seed','SUM-159_NLS_4N_O2_A2_seed','SUM-159_NLS_4N_O2_A3_seed','SUM-159_NLS_4N_O2_A4_seed','SUM-159_NLS_4N_O2_A5_seed','SUM-159_NLS_4N_O2_A6_seed','SUM-159_NLS_4N_O2_A7_seed','SUM-159_NLS_4N_O2_A7K_seed','SUM-159_NLS_4N_O2_A8_seed','SUM-159_NLS_2N_O2_A1_seedT1','SUM-159_NLS_2N_O2_A10_seedT1','SUM-159_NLS_2N_O2_A10_seedT2','SUM-159_NLS_2N_O2_A11_seedT1','SUM-159_NLS_2N_O2_A11_seedT2','SUM-159_NLS_2N_O2_A12_seedT1','SUM-159_NLS_2N_O2_A12_seedT2','SUM-159_NLS_2N_O2_A12_seedT3','SUM-159_NLS_2N_O2_A13_seedT1','SUM-159_NLS_2N_O2_A13_seedT3','SUM-159_NLS_2N_O2_A14_seedT1','SUM-159_NLS_2N_O2_A14_seedT2','SUM-159_NLS_2N_O2_A14_seedT3','SUM-159_NLS_2N_O2_A15_seedT1','SUM-159_NLS_2N_O2_A15_seedT2','SUM-159_NLS_2N_O2_A16_seedT2','SUM-159_NLS_2N_O2_A16_seedT3','SUM-159_NLS_2N_O2_A16_seedT4','SUM-159_NLS_2N_O2_A17_seedT1','SUM-159_NLS_2N_O2_A17_seedT2','SUM-159_NLS_2N_O2_A17_seedT3','SUM-159_NLS_2N_O2_A18_seedT1','SUM-159_NLS_2N_O2_A18_seedT2','SUM-159_NLS_2N_O2_A19_seedT1','SUM-159_NLS_2N_O2_A19_seedT2','SUM-159_NLS_2N_O2_A2_seedT1','SUM-159_NLS_2N_O2_A2_seedT2','SUM-159_NLS_2N_O2_A20_seedT1','SUM-159_NLS_2N_O2_A20_seedT2','SUM-159_NLS_2N_O2_A21_seedT1','SUM-159_NLS_2N_O2_A21_seedT2','SUM-159_NLS_2N_O2_A22_seedT1','SUM-159_NLS_2N_O2_A23_seedT1','SUM-159_NLS_2N_O2_A23_seedT2','SUM-159_NLS_2N_O2_A24_seedT1','SUM-159_NLS_2N_O2_A24_seedT2','SUM-159_NLS_2N_O2_A3_seedT1','SUM-159_NLS_2N_O2_A3_seedT2','SUM-159_NLS_2N_O2_A4_seedT1','SUM-159_NLS_2N_O2_A4_seedT2','SUM-159_NLS_2N_O2_A5_seedT1','SUM-159_NLS_2N_O2_A5_seedT2','SUM-159_NLS_2N_O2_A6_seedT1','SUM-159_NLS_2N_O2_A6_seedT2','SUM-159_NLS_2N_O2_A7_seedT1','SUM-159_NLS_2N_O2_A7_seedT2','SUM159_NLS_2N_O2_A7K_harvest','SUM-159_NLS_2N_O2_A8_seedT1','SUM-159_NLS_2N_O2_A8_seedT2','SUM-159_NLS_2N_O2_A9_seedT1','SUM-159_NLS_2N_O2_A9_seedT2','SUM-159_NLS_4N_O2_A1_seedT1','SUM-159_NLS_4N_O2_A10_seedT1','SUM-159_NLS_4N_O2_A10_seedT2','SUM-159_NLS_4N_O2_A11_seedT1','SUM-159_NLS_4N_O2_A11_seedT2','SUM-159_NLS_4N_O2_A12_seedT1','SUM-159_NLS_4N_O2_A12_seedT2','SUM-159_NLS_4N_O2_A13_seedT1','SUM-159_NLS_4N_O2_A14_seedT2','SUM-159_NLS_4N_O2_A14_seedT3','SUM-159_NLS_4N_O2_A14_seedT4','SUM-159_NLS_4N_O2_A15_seedT1','SUM-159_NLS_4N_O2_A15_seedT2','SUM-159_NLS_4N_O2_A15_seedT3','SUM-159_NLS_4N_O2_A15_seedT4','SUM-159_NLS_4N_O2_A16_seedT1','SUM-159_NLS_4N_O2_A16_seedT2','SUM-159_NLS_4N_O2_A16_seedT3','SUM-159_NLS_4N_O2_A16_seedT4','SUM-159_NLS_4N_O2_A16_seedT5','SUM-159_NLS_4N_O2_A16_seedT6','SUM-159_NLS_4N_O2_A17_seedT1','SUM-159_NLS_4N_O2_A17_seedT2','SUM-159_NLS_4N_O2_A18_seedT1','SUM-159_NLS_4N_O2_A18_seedT2','SUM-159_NLS_4N_O2_A19_seedT1','SUM-159_NLS_4N_O2_A19_seedT2','SUM-159_NLS_4N_O2_A2_seedT1','SUM-159_NLS_4N_O2_A2_seedT2','SUM-159_NLS_4N_O2_A20_seedT1','SUM-159_NLS_4N_O2_A21_seedT1','SUM-159_NLS_4N_O2_A21_seedT2','SUM-159_NLS_4N_O2_A22_seedT1','SUM-159_NLS_4N_O2_A22_seedT2','SUM-159_NLS_4N_O2_A3_seedT1','SUM-159_NLS_4N_O2_A3_seedT2','SUM-159_NLS_4N_O2_A4_seedT1','SUM-159_NLS_4N_O2_A4_seedT2','SUM-159_NLS_4N_O2_A5_seedT1','SUM-159_NLS_4N_O2_A5_seedT2','SUM-159_NLS_4N_O2_A6_seedT1','SUM-159_NLS_4N_O2_A6_seedT2','SUM-159_NLS_4N_O2_A7_seedT1','SUM-159_NLS_4N_O2_A7_seedT2','SUM159_NLS_4N_O2_A7K_harvest','SUM-159_NLS_4N_O2_A8_seedT1','SUM-159_NLS_4N_O2_A8_seedT2','SUM-159_NLS_4N_O2_A9_seedT1','SUM-159_NLS_4N_O2_A9_seedT2','SUM-159_NLS_2N_O1_A1_seed','SUM-159_NLS_4N_O1_A1_seed','SUM-159_NLS_2N_O1_A14_seedT1','SUM-159_NLS_4N_O1_A11_seedT1','SUM-159_NLS_4N_O1_A21_seedT2','SUM-159_NLS_2N_O1_A2_seed','SUM-159_NLS_2N_O1_A3_seed','SUM-159_NLS_2N_O1_A4_seed','SUM-159_NLS_2N_O1_A5_seed','SUM-159_NLS_2N_O1_A6_seed','SUM-159_NLS_2N_O1_A7_seed','SUM-159_NLS_2N_O1_A7K_seed','SUM-159_NLS_2N_O1_A8_seed','SUM-159_NLS_4N_O1_A2_seed','SUM-159_NLS_4N_O1_A3_seed','SUM-159_NLS_4N_O1_A4_seed','SUM-159_NLS_4N_O1_A5_seed','SUM-159_NLS_4N_O1_A6_seed','SUM-159_NLS_4N_O1_A7_seed','SUM-159_NLS_4N_O1_A7K_seed','SUM-159_NLS_4N_O1_A8_seed','SUM-159_NLS_2N_O1_A1_seedT1','SUM-159_NLS_2N_O1_A10_seedT1','SUM-159_NLS_2N_O1_A10_seedT2','SUM-159_NLS_2N_O1_A11_seedT1','SUM-159_NLS_2N_O1_A11_seedT2','SUM-159_NLS_2N_O1_A12_seedT1','SUM-159_NLS_2N_O1_A12_seedT2','SUM-159_NLS_2N_O1_A12_seedT3','SUM-159_NLS_2N_O1_A13_seedT1','SUM-159_NLS_2N_O1_A13_seedT3','SUM-159_NLS_2N_O1_A14_seedT2','SUM-159_NLS_2N_O1_A14_seedT3','SUM-159_NLS_2N_O1_A15_seedT1','SUM-159_NLS_2N_O1_A15_seedT2','SUM-159_NLS_2N_O1_A16_seedT2','SUM-159_NLS_2N_O1_A16_seedT3','SUM-159_NLS_2N_O1_A16_seedT4','SUM-159_NLS_2N_O1_A17_seedT1','SUM-159_NLS_2N_O1_A17_seedT2','SUM-159_NLS_2N_O1_A17_seedT3','SUM-159_NLS_2N_O1_A18_seedT1','SUM-159_NLS_2N_O1_A18_seedT2','SUM-159_NLS_2N_O1_A19_seedT1','SUM-159_NLS_2N_O1_A19_seedT2','SUM-159_NLS_2N_O1_A2_seedT1','SUM-159_NLS_2N_O1_A2_seedT2','SUM-159_NLS_2N_O1_A20_seedT1','SUM-159_NLS_2N_O1_A20_seedT2','SUM-159_NLS_2N_O1_A21_seedT1','SUM-159_NLS_2N_O1_A21_seedT2','SUM-159_NLS_2N_O1_A22_seedT1','SUM-159_NLS_2N_O1_A23_seedT1','SUM-159_NLS_2N_O1_A23_seedT2','SUM-159_NLS_2N_O1_A24_seedT1','SUM-159_NLS_2N_O1_A24_seedT2','SUM-159_NLS_2N_O1_A3_seedT1','SUM-159_NLS_2N_O1_A3_seedT2','SUM-159_NLS_2N_O1_A4_seedT1','SUM-159_NLS_2N_O1_A4_seedT2','SUM-159_NLS_2N_O1_A5_seedT1','SUM-159_NLS_2N_O1_A5_seedT2','SUM-159_NLS_2N_O1_A6_seedT1','SUM-159_NLS_2N_O1_A6_seedT2','SUM-159_NLS_2N_O1_A7_seedT1','SUM-159_NLS_2N_O1_A7_seedT2','SUM159_NLS_2N_O1_A7K_harvest','SUM-159_NLS_2N_O1_A8_seedT1','SUM-159_NLS_2N_O1_A8_seedT2','SUM-159_NLS_2N_O1_A8KD_harvest','SUM-159_NLS_2N_O1_A9_seedT1','SUM-159_NLS_2N_O1_A9_seedT2','SUM-159_NLS_2N_O1_A9_seedT3','SUM-159_NLS_4N_O1_A1_seedT1','SUM-159_NLS_4N_O1_A10_seedT1','SUM-159_NLS_4N_O1_A10_seedT2','SUM-159_NLS_4N_O1_A11_seedT2','SUM-159_NLS_4N_O1_A12_seedT1','SUM-159_NLS_4N_O1_A12_seedT2','SUM-159_NLS_4N_O1_A13_seedT1','SUM-159_NLS_4N_O1_A14_seedT2','SUM-159_NLS_4N_O1_A14_seedT3','SUM-159_NLS_4N_O1_A14_seedT4','SUM-159_NLS_4N_O1_A15_seedT1','SUM-159_NLS_4N_O1_A15_seedT2','SUM-159_NLS_4N_O1_A15_seedT3','SUM-159_NLS_4N_O1_A15_seedT4','SUM-159_NLS_4N_O1_A15_seedT5','SUM-159_NLS_4N_O1_A16_seedT1','SUM-159_NLS_4N_O1_A16_seedT2','SUM-159_NLS_4N_O1_A16_seedT3','SUM-159_NLS_4N_O1_A16_seedT4','SUM-159_NLS_4N_O1_A16_seedT5','SUM-159_NLS_4N_O1_A17_seedT1','SUM-159_NLS_4N_O1_A17_seedT2','SUM-159_NLS_4N_O1_A18_seedT1','SUM-159_NLS_4N_O1_A18_seedT2','SUM-159_NLS_4N_O1_A19_seedT1','SUM-159_NLS_4N_O1_A19_seedT2','SUM-159_NLS_4N_O1_A19_seedT3','SUM-159_NLS_4N_O1_A2_seedT1','SUM-159_NLS_4N_O1_A2_seedT2','SUM-159_NLS_4N_O1_A20_seedT1','SUM-159_NLS_4N_O1_A21_seedT1','SUM-159_NLS_4N_O1_A22_seedT1','SUM-159_NLS_4N_O1_A22_seedT2','SUM-159_NLS_4N_O1_A3_seedT1','SUM-159_NLS_4N_O1_A3_seedT2','SUM-159_NLS_4N_O1_A4_seedT1','SUM-159_NLS_4N_O1_A4_seedT2','SUM-159_NLS_4N_O1_A5_seedT1','SUM-159_NLS_4N_O1_A5_seedT2','SUM-159_NLS_4N_O1_A6_seedT1','SUM-159_NLS_4N_O1_A6_seedT2','SUM-159_NLS_4N_O1_A7_seedT1','SUM-159_NLS_4N_O1_A7_seedT2','SUM159_NLS_4N_O1_A7K_harvest','SUM-159_NLS_4N_O1_A8_seedT1','SUM-159_NLS_4N_O1_A8_seedT2','SUM-159_NLS_4N_O1_A9_seedT1','SUM-159_NLS_4N_O1_A9_seedT2') ORDER BY p.date, p.id
